Id,Predicted
69006355-3fb0-443c-826b-ea8c9d27f70b_1_0_169,1
69006355-3fb0-443c-826b-ea8c9d27f70b_1_185_348,1
69006355-3fb0-443c-826b-ea8c9d27f70b_1_380_793,1
69006355-3fb0-443c-826b-ea8c9d27f70b_1_1127_1149,0
69006355-3fb0-443c-826b-ea8c9d27f70b_1_3107_3385,1
69006355-3fb0-443c-826b-ea8c9d27f70b_1_3564_3579,0
69006355-3fb0-443c-826b-ea8c9d27f70b_1_5055_5275,1
69006355-3fb0-443c-826b-ea8c9d27f70b_1_7187_7194,0
69006355-3fb0-443c-826b-ea8c9d27f70b_1_7267_7440,1
69006355-3fb0-443c-826b-ea8c9d27f70b_1_7461_7509,1
69006355-3fb0-443c-826b-ea8c9d27f70b_2_348_371,0
69006355-3fb0-443c-826b-ea8c9d27f70b_2_1087_1153,0
69006355-3fb0-443c-826b-ea8c9d27f70b_2_1182_1210,1
69006355-3fb0-443c-826b-ea8c9d27f70b_2_3356_3376,0
69006355-3fb0-443c-826b-ea8c9d27f70b_2_7554_7602,1
69006355-3fb0-443c-826b-ea8c9d27f70b_3_1087_1113,0
69006355-3fb0-443c-826b-ea8c9d27f70b_3_1296_2328,1
69006355-3fb0-443c-826b-ea8c9d27f70b_3_2391_3093,1
69006355-3fb0-443c-826b-ea8c9d27f70b_3_3357_3382,0
69006355-3fb0-443c-826b-ea8c9d27f70b_3_3388_3518,1
69006355-3fb0-443c-826b-ea8c9d27f70b_3_3564_3596,0
69006355-3fb0-443c-826b-ea8c9d27f70b_3_3622_3747,1
69006355-3fb0-443c-826b-ea8c9d27f70b_3_4034_5032,1
69006355-3fb0-443c-826b-ea8c9d27f70b_3_5275_5640,0
69006355-3fb0-443c-826b-ea8c9d27f70b_3_5670_6491,1
69006355-3fb0-443c-826b-ea8c9d27f70b_3_6497_6605,1
69006355-3fb0-443c-826b-ea8c9d27f70b_3_6971_7187,1
69006355-3fb0-443c-826b-ea8c9d27f70b_3_7210_7222,1
69006355-3fb0-443c-826b-ea8c9d27f70b_3_7515_7538,1
5b3d66ec-9569-4aca-a548-1521bcdc6b25_2_4694_4763,1
5b3d66ec-9569-4aca-a548-1521bcdc6b25_2_4856_5295,1
5b3d66ec-9569-4aca-a548-1521bcdc6b25_2_5598_5610,1
5b3d66ec-9569-4aca-a548-1521bcdc6b25_2_5646_5660,1
5b3d66ec-9569-4aca-a548-1521bcdc6b25_3_33_42,1
5b3d66ec-9569-4aca-a548-1521bcdc6b25_3_70_80,1
5b3d66ec-9569-4aca-a548-1521bcdc6b25_3_157_173,1
5b3d66ec-9569-4aca-a548-1521bcdc6b25_3_239_421,1
5b3d66ec-9569-4aca-a548-1521bcdc6b25_3_443_454,1
5b3d66ec-9569-4aca-a548-1521bcdc6b25_3_661_675,1
5b3d66ec-9569-4aca-a548-1521bcdc6b25_3_904_912,1
5b3d66ec-9569-4aca-a548-1521bcdc6b25_3_8783_8830,1
4e78f728-06f6-43a3-ac8c-c0cb159e5b32_1_716_883,1
4e78f728-06f6-43a3-ac8c-c0cb159e5b32_1_1099_2263,1
4e78f728-06f6-43a3-ac8c-c0cb159e5b32_1_2287_2304,1
4e78f728-06f6-43a3-ac8c-c0cb159e5b32_1_2416_2458,1
4e78f728-06f6-43a3-ac8c-c0cb159e5b32_1_2473_2520,1
4e78f728-06f6-43a3-ac8c-c0cb159e5b32_1_2609_2670,1
4e78f728-06f6-43a3-ac8c-c0cb159e5b32_1_2727_2857,1
4e78f728-06f6-43a3-ac8c-c0cb159e5b32_1_2991_3001,1
4e78f728-06f6-43a3-ac8c-c0cb159e5b32_1_3032_3092,1
4e78f728-06f6-43a3-ac8c-c0cb159e5b32_1_3277_3474,1
4e78f728-06f6-43a3-ac8c-c0cb159e5b32_1_3650_3900,1
4e78f728-06f6-43a3-ac8c-c0cb159e5b32_1_4516_4726,1
4e78f728-06f6-43a3-ac8c-c0cb159e5b32_1_4761_4884,1
4e78f728-06f6-43a3-ac8c-c0cb159e5b32_1_4980_4993,1
4e78f728-06f6-43a3-ac8c-c0cb159e5b32_1_5069_5212,1
4e78f728-06f6-43a3-ac8c-c0cb159e5b32_1_6307_6403,1
4e78f728-06f6-43a3-ac8c-c0cb159e5b32_1_6439_6494,1
4e78f728-06f6-43a3-ac8c-c0cb159e5b32_1_6542_6669,1
4e78f728-06f6-43a3-ac8c-c0cb159e5b32_1_6942_6971,1
4e78f728-06f6-43a3-ac8c-c0cb159e5b32_1_6996_7073,1
4e78f728-06f6-43a3-ac8c-c0cb159e5b32_1_7130_7232,1
4e78f728-06f6-43a3-ac8c-c0cb159e5b32_1_7561_7644,1
4e78f728-06f6-43a3-ac8c-c0cb159e5b32_1_7798_7982,1
4e78f728-06f6-43a3-ac8c-c0cb159e5b32_1_8025_8106,1
4e78f728-06f6-43a3-ac8c-c0cb159e5b32_1_8134_8148,1
4e78f728-06f6-43a3-ac8c-c0cb159e5b32_1_8184_8285,1
4e78f728-06f6-43a3-ac8c-c0cb159e5b32_1_8306_8526,1
4e78f728-06f6-43a3-ac8c-c0cb159e5b32_1_8719_8764,1
4e78f728-06f6-43a3-ac8c-c0cb159e5b32_4_2697_2719,1
4e78f728-06f6-43a3-ac8c-c0cb159e5b32_5_2862_2905,1
4e78f728-06f6-43a3-ac8c-c0cb159e5b32_6_2905_2976,0
fc2b2014-9dc4-4a5d-8a1d-25a6911bff7c_1_350_380,1
fc2b2014-9dc4-4a5d-8a1d-25a6911bff7c_1_447_461,1
fc2b2014-9dc4-4a5d-8a1d-25a6911bff7c_1_552_616,1
fc2b2014-9dc4-4a5d-8a1d-25a6911bff7c_1_719_833,1
fc2b2014-9dc4-4a5d-8a1d-25a6911bff7c_1_1169_1192,1
fc2b2014-9dc4-4a5d-8a1d-25a6911bff7c_1_1390_1458,1
fc2b2014-9dc4-4a5d-8a1d-25a6911bff7c_1_1490_1520,1
fc2b2014-9dc4-4a5d-8a1d-25a6911bff7c_1_1575_1600,1
fc2b2014-9dc4-4a5d-8a1d-25a6911bff7c_1_2143_2182,1
fc2b2014-9dc4-4a5d-8a1d-25a6911bff7c_1_2217_2268,1
fc2b2014-9dc4-4a5d-8a1d-25a6911bff7c_1_2658_2681,1
fc2b2014-9dc4-4a5d-8a1d-25a6911bff7c_1_2847_2905,1
fc2b2014-9dc4-4a5d-8a1d-25a6911bff7c_1_2960_3081,1
fc2b2014-9dc4-4a5d-8a1d-25a6911bff7c_1_3140_3176,1
fc2b2014-9dc4-4a5d-8a1d-25a6911bff7c_1_3256_3278,1
fc2b2014-9dc4-4a5d-8a1d-25a6911bff7c_1_3316_3362,1
fc2b2014-9dc4-4a5d-8a1d-25a6911bff7c_1_3958_4001,1
fc2b2014-9dc4-4a5d-8a1d-25a6911bff7c_1_4515_4545,1
fc2b2014-9dc4-4a5d-8a1d-25a6911bff7c_1_4680_4693,1
fc2b2014-9dc4-4a5d-8a1d-25a6911bff7c_1_4728_4917,1
fc2b2014-9dc4-4a5d-8a1d-25a6911bff7c_1_5278_5336,1
fc2b2014-9dc4-4a5d-8a1d-25a6911bff7c_1_5368_5415,1
fc2b2014-9dc4-4a5d-8a1d-25a6911bff7c_1_5482_5508,1
fc2b2014-9dc4-4a5d-8a1d-25a6911bff7c_1_6284_6292,1
fc2b2014-9dc4-4a5d-8a1d-25a6911bff7c_1_6660_6729,1
fc2b2014-9dc4-4a5d-8a1d-25a6911bff7c_1_6796_6803,1
fc2b2014-9dc4-4a5d-8a1d-25a6911bff7c_1_6866_6923,1
fc2b2014-9dc4-4a5d-8a1d-25a6911bff7c_1_6988_7230,1
fc2b2014-9dc4-4a5d-8a1d-25a6911bff7c_1_7367_7417,1
fc2b2014-9dc4-4a5d-8a1d-25a6911bff7c_1_7504_7546,1
fc2b2014-9dc4-4a5d-8a1d-25a6911bff7c_1_7792_7808,1
fc2b2014-9dc4-4a5d-8a1d-25a6911bff7c_1_7956_8019,1
fc2b2014-9dc4-4a5d-8a1d-25a6911bff7c_1_8060_8077,1
fc2b2014-9dc4-4a5d-8a1d-25a6911bff7c_1_8226_8286,1
fc2b2014-9dc4-4a5d-8a1d-25a6911bff7c_1_8421_8458,1
fc2b2014-9dc4-4a5d-8a1d-25a6911bff7c_1_8501_8549,1
fc2b2014-9dc4-4a5d-8a1d-25a6911bff7c_1_8595_8671,1
fc2b2014-9dc4-4a5d-8a1d-25a6911bff7c_1_8769_8785,1
fc2b2014-9dc4-4a5d-8a1d-25a6911bff7c_1_8831_8893,1
fc2b2014-9dc4-4a5d-8a1d-25a6911bff7c_1_8936_8984,1
5be9a2e2-5efc-4fc6-a65e-806e0347e19a_1_98_258,1
5be9a2e2-5efc-4fc6-a65e-806e0347e19a_1_648_663,1
5be9a2e2-5efc-4fc6-a65e-806e0347e19a_1_714_794,1
5be9a2e2-5efc-4fc6-a65e-806e0347e19a_1_867_930,1
5be9a2e2-5efc-4fc6-a65e-806e0347e19a_1_958_1013,1
c96fa96d-d23c-444e-bdef-481317308bb8_3_29_61,1
c96fa96d-d23c-444e-bdef-481317308bb8_4_300_376,1
c96fa96d-d23c-444e-bdef-481317308bb8_5_61_105,0
c96fa96d-d23c-444e-bdef-481317308bb8_5_1387_1497,1
c96fa96d-d23c-444e-bdef-481317308bb8_5_2755_2824,1
c96fa96d-d23c-444e-bdef-481317308bb8_5_3522_3792,1
c96fa96d-d23c-444e-bdef-481317308bb8_5_3805_3872,1
c96fa96d-d23c-444e-bdef-481317308bb8_9_2577_2595,1
c96fa96d-d23c-444e-bdef-481317308bb8_9_2971_3016,1
c96fa96d-d23c-444e-bdef-481317308bb8_9_4005_4103,1
3072481a-04fe-4959-8410-018a41a91df1_4_4298_4313,1
3072481a-04fe-4959-8410-018a41a91df1_4_4422_4458,1
3072481a-04fe-4959-8410-018a41a91df1_4_8561_8650,1
3072481a-04fe-4959-8410-018a41a91df1_8_2820_2853,1
3072481a-04fe-4959-8410-018a41a91df1_8_4918_4944,1
3072481a-04fe-4959-8410-018a41a91df1_8_6667_6743,1
3072481a-04fe-4959-8410-018a41a91df1_10_3501_3566,1
3072481a-04fe-4959-8410-018a41a91df1_10_3627_3701,1
3072481a-04fe-4959-8410-018a41a91df1_10_3880_3917,1
3072481a-04fe-4959-8410-018a41a91df1_11_2193_2233,1
3072481a-04fe-4959-8410-018a41a91df1_11_2270_2346,1
3072481a-04fe-4959-8410-018a41a91df1_11_2393_2408,1
3072481a-04fe-4959-8410-018a41a91df1_11_4455_4561,0
3072481a-04fe-4959-8410-018a41a91df1_11_4946_4977,1
3072481a-04fe-4959-8410-018a41a91df1_11_6767_6805,1
3072481a-04fe-4959-8410-018a41a91df1_13_3060_3084,1
3072481a-04fe-4959-8410-018a41a91df1_13_3145_3181,1
3072481a-04fe-4959-8410-018a41a91df1_13_3990_4007,1
d66c7c66-2b5f-4e7f-bbb2-f0adae68dfcc_1_2997_3017,1
d66c7c66-2b5f-4e7f-bbb2-f0adae68dfcc_2_4149_4153,1
d66c7c66-2b5f-4e7f-bbb2-f0adae68dfcc_3_76_152,1
d66c7c66-2b5f-4e7f-bbb2-f0adae68dfcc_3_2516_2532,1
d66c7c66-2b5f-4e7f-bbb2-f0adae68dfcc_3_2613_2623,1
d66c7c66-2b5f-4e7f-bbb2-f0adae68dfcc_3_2705_2723,1
d66c7c66-2b5f-4e7f-bbb2-f0adae68dfcc_3_2967_2988,1
d66c7c66-2b5f-4e7f-bbb2-f0adae68dfcc_3_3035_3138,1
d66c7c66-2b5f-4e7f-bbb2-f0adae68dfcc_3_3993_4064,0
d66c7c66-2b5f-4e7f-bbb2-f0adae68dfcc_3_4193_4289,1
d66c7c66-2b5f-4e7f-bbb2-f0adae68dfcc_6_5433_5453,1
66ddb7ae-90d6-4a58-9f3c-7f1d2604ecb0_1_180_319,1
66ddb7ae-90d6-4a58-9f3c-7f1d2604ecb0_1_1167_1199,1
66ddb7ae-90d6-4a58-9f3c-7f1d2604ecb0_1_1705_1754,0
66ddb7ae-90d6-4a58-9f3c-7f1d2604ecb0_1_1819_1942,0
66ddb7ae-90d6-4a58-9f3c-7f1d2604ecb0_1_2072_2302,1
66ddb7ae-90d6-4a58-9f3c-7f1d2604ecb0_1_2767_2940,1
66ddb7ae-90d6-4a58-9f3c-7f1d2604ecb0_1_3318_3458,1
66ddb7ae-90d6-4a58-9f3c-7f1d2604ecb0_1_3519_3585,1
66ddb7ae-90d6-4a58-9f3c-7f1d2604ecb0_1_3911_3954,1
66ddb7ae-90d6-4a58-9f3c-7f1d2604ecb0_1_4578_4663,1
66ddb7ae-90d6-4a58-9f3c-7f1d2604ecb0_1_4778_4830,1
66ddb7ae-90d6-4a58-9f3c-7f1d2604ecb0_1_5308_5366,1
66ddb7ae-90d6-4a58-9f3c-7f1d2604ecb0_1_5537_5585,1
66ddb7ae-90d6-4a58-9f3c-7f1d2604ecb0_1_5806_5971,1
66ddb7ae-90d6-4a58-9f3c-7f1d2604ecb0_1_6242_6323,1
66ddb7ae-90d6-4a58-9f3c-7f1d2604ecb0_1_6592_6690,1
66ddb7ae-90d6-4a58-9f3c-7f1d2604ecb0_1_7056_7198,1
66ddb7ae-90d6-4a58-9f3c-7f1d2604ecb0_1_7875_7948,1
66ddb7ae-90d6-4a58-9f3c-7f1d2604ecb0_1_8261_8329,1
66ddb7ae-90d6-4a58-9f3c-7f1d2604ecb0_1_8695_8835,1
66ddb7ae-90d6-4a58-9f3c-7f1d2604ecb0_2_0_100,1
66ddb7ae-90d6-4a58-9f3c-7f1d2604ecb0_2_307_408,0
66ddb7ae-90d6-4a58-9f3c-7f1d2604ecb0_2_1193_1308,0
66ddb7ae-90d6-4a58-9f3c-7f1d2604ecb0_2_1681_1747,1
66ddb7ae-90d6-4a58-9f3c-7f1d2604ecb0_2_1771_1838,1
66ddb7ae-90d6-4a58-9f3c-7f1d2604ecb0_2_3711_3762,1
66ddb7ae-90d6-4a58-9f3c-7f1d2604ecb0_2_4469_4507,1
66ddb7ae-90d6-4a58-9f3c-7f1d2604ecb0_2_4603_4662,0
66ddb7ae-90d6-4a58-9f3c-7f1d2604ecb0_2_5235_5282,1
66ddb7ae-90d6-4a58-9f3c-7f1d2604ecb0_2_5730_5782,1
66ddb7ae-90d6-4a58-9f3c-7f1d2604ecb0_2_6128_6205,1
66ddb7ae-90d6-4a58-9f3c-7f1d2604ecb0_2_6291_6372,0
66ddb7ae-90d6-4a58-9f3c-7f1d2604ecb0_2_6863_6923,1
66ddb7ae-90d6-4a58-9f3c-7f1d2604ecb0_2_7213_7307,1
66ddb7ae-90d6-4a58-9f3c-7f1d2604ecb0_2_7619_7668,1
66ddb7ae-90d6-4a58-9f3c-7f1d2604ecb0_2_8135_8190,1
95cdb269-0088-4451-9a0d-f72349081fab_1_72_251,1
95cdb269-0088-4451-9a0d-f72349081fab_1_281_432,1
95cdb269-0088-4451-9a0d-f72349081fab_1_453_577,1
95cdb269-0088-4451-9a0d-f72349081fab_1_2243_2274,1
8f15aab0-9c42-452e-b78a-47a48da1f3c1_1_87_117,1
8f15aab0-9c42-452e-b78a-47a48da1f3c1_1_144_194,1
8f15aab0-9c42-452e-b78a-47a48da1f3c1_2_360_376,1
df24897d-a478-4fbb-816f-1d14c59da30d_1_4989_5004,1
df24897d-a478-4fbb-816f-1d14c59da30d_1_5021_5193,1
df24897d-a478-4fbb-816f-1d14c59da30d_1_5325_5423,1
df24897d-a478-4fbb-816f-1d14c59da30d_2_1751_1806,1
df24897d-a478-4fbb-816f-1d14c59da30d_8_1122_1155,1
df24897d-a478-4fbb-816f-1d14c59da30d_8_1231_1257,1
df24897d-a478-4fbb-816f-1d14c59da30d_8_1399_1429,1
df24897d-a478-4fbb-816f-1d14c59da30d_8_1988_2014,0
df24897d-a478-4fbb-816f-1d14c59da30d_8_2056_2086,1
df24897d-a478-4fbb-816f-1d14c59da30d_15_7283_7368,1
094d1ab2-f34e-4a2a-ac3b-8671ce5faf65_9_8202_8211,1
f3afa5a1-8a97-4a7d-945e-1cc70931e44a_4_401_468,1
f3afa5a1-8a97-4a7d-945e-1cc70931e44a_4_511_576,1
f3afa5a1-8a97-4a7d-945e-1cc70931e44a_4_701_762,1
f3afa5a1-8a97-4a7d-945e-1cc70931e44a_4_1042_1065,1
f3afa5a1-8a97-4a7d-945e-1cc70931e44a_4_1129_1185,1
f3afa5a1-8a97-4a7d-945e-1cc70931e44a_4_1271_1308,1
f3afa5a1-8a97-4a7d-945e-1cc70931e44a_4_1707_1732,1
f3afa5a1-8a97-4a7d-945e-1cc70931e44a_4_2154_2183,1
f3afa5a1-8a97-4a7d-945e-1cc70931e44a_4_2223_2347,1
f3afa5a1-8a97-4a7d-945e-1cc70931e44a_4_3289_3500,1
f3afa5a1-8a97-4a7d-945e-1cc70931e44a_4_3594_3703,1
f3afa5a1-8a97-4a7d-945e-1cc70931e44a_4_3928_4189,1
f3afa5a1-8a97-4a7d-945e-1cc70931e44a_4_4368_4505,1
f3afa5a1-8a97-4a7d-945e-1cc70931e44a_4_4619_4815,1
f3afa5a1-8a97-4a7d-945e-1cc70931e44a_4_5145_5282,1
f3afa5a1-8a97-4a7d-945e-1cc70931e44a_4_5569_5583,1
f3afa5a1-8a97-4a7d-945e-1cc70931e44a_4_5705_5740,1
f3afa5a1-8a97-4a7d-945e-1cc70931e44a_4_5787_5830,1
f3afa5a1-8a97-4a7d-945e-1cc70931e44a_4_5912_5940,1
f3afa5a1-8a97-4a7d-945e-1cc70931e44a_4_5982_6125,1
f3afa5a1-8a97-4a7d-945e-1cc70931e44a_4_6275_6284,0
f3afa5a1-8a97-4a7d-945e-1cc70931e44a_4_6743_6808,1
f3afa5a1-8a97-4a7d-945e-1cc70931e44a_4_7202_7256,1
f3afa5a1-8a97-4a7d-945e-1cc70931e44a_4_7359_7390,1
f3afa5a1-8a97-4a7d-945e-1cc70931e44a_4_7428_7514,1
f3afa5a1-8a97-4a7d-945e-1cc70931e44a_4_7549_7583,1
f3afa5a1-8a97-4a7d-945e-1cc70931e44a_4_8531_8564,0
f3afa5a1-8a97-4a7d-945e-1cc70931e44a_4_8715_8864,0
f3afa5a1-8a97-4a7d-945e-1cc70931e44a_4_8954_8990,0
f3afa5a1-8a97-4a7d-945e-1cc70931e44a_5_5830_5847,1
f3afa5a1-8a97-4a7d-945e-1cc70931e44a_5_6112_6327,0
f3afa5a1-8a97-4a7d-945e-1cc70931e44a_5_6477_6494,1
f3afa5a1-8a97-4a7d-945e-1cc70931e44a_5_6535_6547,1
f3afa5a1-8a97-4a7d-945e-1cc70931e44a_10_8713_8735,0
f3afa5a1-8a97-4a7d-945e-1cc70931e44a_11_7826_7944,1
f3afa5a1-8a97-4a7d-945e-1cc70931e44a_12_7656_7723,1
f3afa5a1-8a97-4a7d-945e-1cc70931e44a_12_8531_8542,0
f3afa5a1-8a97-4a7d-945e-1cc70931e44a_12_8814_8886,0
f3afa5a1-8a97-4a7d-945e-1cc70931e44a_12_8927_8990,1
7fd21591-6a33-49cf-a32f-f8dfdf5ae697_1_768_780,1
7fd21591-6a33-49cf-a32f-f8dfdf5ae697_1_837_851,1
7fd21591-6a33-49cf-a32f-f8dfdf5ae697_1_1005_1037,1
7fd21591-6a33-49cf-a32f-f8dfdf5ae697_1_1081_1094,1
7fd21591-6a33-49cf-a32f-f8dfdf5ae697_1_1136_1192,1
7fd21591-6a33-49cf-a32f-f8dfdf5ae697_1_1302_1336,1
7fd21591-6a33-49cf-a32f-f8dfdf5ae697_1_1429_1522,1
7fd21591-6a33-49cf-a32f-f8dfdf5ae697_1_1677_1755,1
7fd21591-6a33-49cf-a32f-f8dfdf5ae697_1_1864_1878,1
7fd21591-6a33-49cf-a32f-f8dfdf5ae697_1_2052_2117,1
7fd21591-6a33-49cf-a32f-f8dfdf5ae697_1_2226_2242,1
7fd21591-6a33-49cf-a32f-f8dfdf5ae697_1_2357_2419,1
7fd21591-6a33-49cf-a32f-f8dfdf5ae697_1_2507_2591,1
7fd21591-6a33-49cf-a32f-f8dfdf5ae697_1_2978_3090,1
7fd21591-6a33-49cf-a32f-f8dfdf5ae697_1_3190_3206,1
7fd21591-6a33-49cf-a32f-f8dfdf5ae697_1_3235_3241,1
7fd21591-6a33-49cf-a32f-f8dfdf5ae697_1_3266_3306,1
7fd21591-6a33-49cf-a32f-f8dfdf5ae697_1_3341_3351,1
7fd21591-6a33-49cf-a32f-f8dfdf5ae697_1_3417_3466,1
7fd21591-6a33-49cf-a32f-f8dfdf5ae697_1_3524_3680,1
7fd21591-6a33-49cf-a32f-f8dfdf5ae697_1_3710_3749,1
7fd21591-6a33-49cf-a32f-f8dfdf5ae697_1_4149_4178,1
7fd21591-6a33-49cf-a32f-f8dfdf5ae697_1_4312_4330,1
7fd21591-6a33-49cf-a32f-f8dfdf5ae697_1_4355_4364,1
7fd21591-6a33-49cf-a32f-f8dfdf5ae697_1_4415_4453,1
7fd21591-6a33-49cf-a32f-f8dfdf5ae697_1_4480_4502,1
7fd21591-6a33-49cf-a32f-f8dfdf5ae697_1_4541_4575,1
7fd21591-6a33-49cf-a32f-f8dfdf5ae697_1_4612_4728,1
7fd21591-6a33-49cf-a32f-f8dfdf5ae697_1_4766_4815,1
7fd21591-6a33-49cf-a32f-f8dfdf5ae697_1_5222_5246,1
7fd21591-6a33-49cf-a32f-f8dfdf5ae697_1_5289_5335,1
7fd21591-6a33-49cf-a32f-f8dfdf5ae697_1_5408_5436,1
7fd21591-6a33-49cf-a32f-f8dfdf5ae697_1_5778_5802,1
7fd21591-6a33-49cf-a32f-f8dfdf5ae697_1_6193_6206,1
7fd21591-6a33-49cf-a32f-f8dfdf5ae697_1_6241_6254,1
7fd21591-6a33-49cf-a32f-f8dfdf5ae697_1_6349_6372,1
7fd21591-6a33-49cf-a32f-f8dfdf5ae697_1_6428_6459,1
7fd21591-6a33-49cf-a32f-f8dfdf5ae697_1_6913_6938,1
7fd21591-6a33-49cf-a32f-f8dfdf5ae697_1_7219_7321,1
7fd21591-6a33-49cf-a32f-f8dfdf5ae697_1_7539_7548,1
7fd21591-6a33-49cf-a32f-f8dfdf5ae697_1_7656_7673,1
7fd21591-6a33-49cf-a32f-f8dfdf5ae697_1_7727_7747,1
7fd21591-6a33-49cf-a32f-f8dfdf5ae697_1_7847_7876,1
7fd21591-6a33-49cf-a32f-f8dfdf5ae697_1_8137_8235,1
7fd21591-6a33-49cf-a32f-f8dfdf5ae697_1_8299_8349,1
7fd21591-6a33-49cf-a32f-f8dfdf5ae697_1_8360_8381,1
7fd21591-6a33-49cf-a32f-f8dfdf5ae697_1_8416_8444,1
7fd21591-6a33-49cf-a32f-f8dfdf5ae697_1_8712_8721,1
7fd21591-6a33-49cf-a32f-f8dfdf5ae697_1_8786_8804,1
7fd21591-6a33-49cf-a32f-f8dfdf5ae697_1_8970_8994,1
5c8f8839-4bf9-45e0-beb0-6c17a5ead0d5_1_31_328,1
5c8f8839-4bf9-45e0-beb0-6c17a5ead0d5_1_601_728,1
5c8f8839-4bf9-45e0-beb0-6c17a5ead0d5_1_1452_1674,1
5c8f8839-4bf9-45e0-beb0-6c17a5ead0d5_1_1803_1822,1
5c8f8839-4bf9-45e0-beb0-6c17a5ead0d5_1_2090_2171,1
5c8f8839-4bf9-45e0-beb0-6c17a5ead0d5_1_2189_2248,1
5c8f8839-4bf9-45e0-beb0-6c17a5ead0d5_1_2478_2617,1
5c8f8839-4bf9-45e0-beb0-6c17a5ead0d5_1_2731_2905,1
5c8f8839-4bf9-45e0-beb0-6c17a5ead0d5_1_3001_3028,1
5c8f8839-4bf9-45e0-beb0-6c17a5ead0d5_1_3214_3255,1
5c8f8839-4bf9-45e0-beb0-6c17a5ead0d5_1_3309_3400,1
5c8f8839-4bf9-45e0-beb0-6c17a5ead0d5_1_3689_3716,1
5c8f8839-4bf9-45e0-beb0-6c17a5ead0d5_1_3801_3823,1
5c8f8839-4bf9-45e0-beb0-6c17a5ead0d5_1_4078_4101,1
5c8f8839-4bf9-45e0-beb0-6c17a5ead0d5_1_4351_4367,1
5c8f8839-4bf9-45e0-beb0-6c17a5ead0d5_1_4525_4559,1
5c8f8839-4bf9-45e0-beb0-6c17a5ead0d5_1_4610_4632,1
5c8f8839-4bf9-45e0-beb0-6c17a5ead0d5_1_5058_5074,1
5c8f8839-4bf9-45e0-beb0-6c17a5ead0d5_1_5141_5170,1
5c8f8839-4bf9-45e0-beb0-6c17a5ead0d5_1_5316_5413,1
5c8f8839-4bf9-45e0-beb0-6c17a5ead0d5_1_5435_5562,1
5c8f8839-4bf9-45e0-beb0-6c17a5ead0d5_1_5631_5664,1
5c8f8839-4bf9-45e0-beb0-6c17a5ead0d5_1_5695_5713,1
5c8f8839-4bf9-45e0-beb0-6c17a5ead0d5_1_5818_5860,1
5c8f8839-4bf9-45e0-beb0-6c17a5ead0d5_1_5969_6042,1
5c8f8839-4bf9-45e0-beb0-6c17a5ead0d5_1_6193_6217,1
5c8f8839-4bf9-45e0-beb0-6c17a5ead0d5_1_6554_6628,1
5c8f8839-4bf9-45e0-beb0-6c17a5ead0d5_1_6631_6666,1
5c8f8839-4bf9-45e0-beb0-6c17a5ead0d5_1_6694_6821,1
5c8f8839-4bf9-45e0-beb0-6c17a5ead0d5_1_6912_6978,1
5c8f8839-4bf9-45e0-beb0-6c17a5ead0d5_1_7043_7064,1
5c8f8839-4bf9-45e0-beb0-6c17a5ead0d5_1_7286_7330,1
5c8f8839-4bf9-45e0-beb0-6c17a5ead0d5_1_8559_8587,1
5c8f8839-4bf9-45e0-beb0-6c17a5ead0d5_1_8832_8856,1
1f12c871-9b3a-4611-a2b4-9c39059052a4_1_682_727,0
1f12c871-9b3a-4611-a2b4-9c39059052a4_1_7594_7611,1
1f12c871-9b3a-4611-a2b4-9c39059052a4_1_7665_7701,0
1f12c871-9b3a-4611-a2b4-9c39059052a4_2_15_276,1
1f12c871-9b3a-4611-a2b4-9c39059052a4_2_383_479,1
1f12c871-9b3a-4611-a2b4-9c39059052a4_2_682_727,0
1f12c871-9b3a-4611-a2b4-9c39059052a4_2_1692_1749,1
1f12c871-9b3a-4611-a2b4-9c39059052a4_2_1777_1791,1
1f12c871-9b3a-4611-a2b4-9c39059052a4_2_2338_2359,1
1f12c871-9b3a-4611-a2b4-9c39059052a4_2_4466_4552,1
1f12c871-9b3a-4611-a2b4-9c39059052a4_2_4672_4695,1
1f12c871-9b3a-4611-a2b4-9c39059052a4_2_5413_5420,1
1f12c871-9b3a-4611-a2b4-9c39059052a4_2_5543_5560,0
1f12c871-9b3a-4611-a2b4-9c39059052a4_2_5679_5701,0
1f12c871-9b3a-4611-a2b4-9c39059052a4_2_6003_6713,1
1f12c871-9b3a-4611-a2b4-9c39059052a4_2_6836_6892,1
1f12c871-9b3a-4611-a2b4-9c39059052a4_2_7001_7247,1
1f12c871-9b3a-4611-a2b4-9c39059052a4_2_7328_7344,1
1f12c871-9b3a-4611-a2b4-9c39059052a4_2_7453_7488,0
1f12c871-9b3a-4611-a2b4-9c39059052a4_2_7665_7700,0
1f12c871-9b3a-4611-a2b4-9c39059052a4_2_8017_8044,1
1f12c871-9b3a-4611-a2b4-9c39059052a4_2_8105_8225,1
1f12c871-9b3a-4611-a2b4-9c39059052a4_2_8303_8335,1
1f12c871-9b3a-4611-a2b4-9c39059052a4_2_8387_8830,1
1f12c871-9b3a-4611-a2b4-9c39059052a4_2_8960_9000,1
1f12c871-9b3a-4611-a2b4-9c39059052a4_3_1997_2172,0
1f12c871-9b3a-4611-a2b4-9c39059052a4_3_5278_5320,1
1f12c871-9b3a-4611-a2b4-9c39059052a4_3_7736_7785,0
1f12c871-9b3a-4611-a2b4-9c39059052a4_3_8256_8269,1
1f12c871-9b3a-4611-a2b4-9c39059052a4_4_2194_2271,1
1f12c871-9b3a-4611-a2b4-9c39059052a4_4_2301_2323,1
1f12c871-9b3a-4611-a2b4-9c39059052a4_4_5564_5573,0
1f12c871-9b3a-4611-a2b4-9c39059052a4_4_5672_5813,1
1f12c871-9b3a-4611-a2b4-9c39059052a4_4_5929_5942,1
1f12c871-9b3a-4611-a2b4-9c39059052a4_4_6071_6086,0
1f12c871-9b3a-4611-a2b4-9c39059052a4_5_1390_1422,1
1f12c871-9b3a-4611-a2b4-9c39059052a4_5_6725_6827,1
1f12c871-9b3a-4611-a2b4-9c39059052a4_5_7665_7701,0
1f12c871-9b3a-4611-a2b4-9c39059052a4_6_1943_2017,1
1f12c871-9b3a-4611-a2b4-9c39059052a4_6_2358_2398,0
1f12c871-9b3a-4611-a2b4-9c39059052a4_6_2673_2693,1
1f12c871-9b3a-4611-a2b4-9c39059052a4_6_2831_2912,1
1f12c871-9b3a-4611-a2b4-9c39059052a4_6_3129_3232,1
1f12c871-9b3a-4611-a2b4-9c39059052a4_6_3261_3685,1
1f12c871-9b3a-4611-a2b4-9c39059052a4_6_4730_4870,1
1f12c871-9b3a-4611-a2b4-9c39059052a4_6_4914_5098,1
1f12c871-9b3a-4611-a2b4-9c39059052a4_6_5320_5393,0
1f12c871-9b3a-4611-a2b4-9c39059052a4_6_5421_5620,1
1f12c871-9b3a-4611-a2b4-9c39059052a4_6_5835_5871,1
1f12c871-9b3a-4611-a2b4-9c39059052a4_6_5895_5926,1
1f12c871-9b3a-4611-a2b4-9c39059052a4_6_6457_6530,0
1f12c871-9b3a-4611-a2b4-9c39059052a4_6_6580_6595,0
1f12c871-9b3a-4611-a2b4-9c39059052a4_6_7170_7313,0
1f12c871-9b3a-4611-a2b4-9c39059052a4_6_7386_7410,1
1f12c871-9b3a-4611-a2b4-9c39059052a4_6_7448_7459,1
1f12c871-9b3a-4611-a2b4-9c39059052a4_6_7611_7648,0
1f12c871-9b3a-4611-a2b4-9c39059052a4_6_7665_7700,0
50d3035c-2503-4bcf-b28b-e66c92c98f09_1_159_174,1
50d3035c-2503-4bcf-b28b-e66c92c98f09_1_287_308,1
50d3035c-2503-4bcf-b28b-e66c92c98f09_1_501_513,1
50d3035c-2503-4bcf-b28b-e66c92c98f09_1_583_593,1
50d3035c-2503-4bcf-b28b-e66c92c98f09_1_627_642,1
50d3035c-2503-4bcf-b28b-e66c92c98f09_1_734_749,1
50d3035c-2503-4bcf-b28b-e66c92c98f09_1_856_956,1
50d3035c-2503-4bcf-b28b-e66c92c98f09_1_1355_1391,1
50d3035c-2503-4bcf-b28b-e66c92c98f09_1_1440_1464,1
50d3035c-2503-4bcf-b28b-e66c92c98f09_1_1504_1540,1
50d3035c-2503-4bcf-b28b-e66c92c98f09_1_1586_1628,1
50d3035c-2503-4bcf-b28b-e66c92c98f09_1_2182_2189,1
50d3035c-2503-4bcf-b28b-e66c92c98f09_1_3787_3929,1
50d3035c-2503-4bcf-b28b-e66c92c98f09_1_4472_4549,1
50d3035c-2503-4bcf-b28b-e66c92c98f09_1_4626_4666,1
50d3035c-2503-4bcf-b28b-e66c92c98f09_1_6170_6201,1
50d3035c-2503-4bcf-b28b-e66c92c98f09_1_6806_6824,1
50d3035c-2503-4bcf-b28b-e66c92c98f09_1_7216_7323,1
50d3035c-2503-4bcf-b28b-e66c92c98f09_1_8788_8795,1
5eb74ea5-9b0b-484c-82b2-ee86479c5d07_1_14_98,0
5eb74ea5-9b0b-484c-82b2-ee86479c5d07_1_166_256,1
5eb74ea5-9b0b-484c-82b2-ee86479c5d07_1_307_402,1
5eb74ea5-9b0b-484c-82b2-ee86479c5d07_1_752_813,1
5eb74ea5-9b0b-484c-82b2-ee86479c5d07_1_1834_1914,1
5eb74ea5-9b0b-484c-82b2-ee86479c5d07_1_2004_2209,1
5eb74ea5-9b0b-484c-82b2-ee86479c5d07_1_2841_2891,0
5eb74ea5-9b0b-484c-82b2-ee86479c5d07_1_3684_3732,1
5eb74ea5-9b0b-484c-82b2-ee86479c5d07_1_4820_4831,0
5eb74ea5-9b0b-484c-82b2-ee86479c5d07_1_5378_5403,1
5eb74ea5-9b0b-484c-82b2-ee86479c5d07_1_8795_8937,1
5eb74ea5-9b0b-484c-82b2-ee86479c5d07_2_2238_2339,1
5eb74ea5-9b0b-484c-82b2-ee86479c5d07_2_2873_2928,0
5eb74ea5-9b0b-484c-82b2-ee86479c5d07_2_5412_5432,1
5eb74ea5-9b0b-484c-82b2-ee86479c5d07_2_6439_6464,1
5eb74ea5-9b0b-484c-82b2-ee86479c5d07_2_6880_6923,1
5eb74ea5-9b0b-484c-82b2-ee86479c5d07_2_7191_7213,1
5eb74ea5-9b0b-484c-82b2-ee86479c5d07_2_7247_7282,1
5eb74ea5-9b0b-484c-82b2-ee86479c5d07_5_5_62,0
5eb74ea5-9b0b-484c-82b2-ee86479c5d07_5_376_389,0
5eb74ea5-9b0b-484c-82b2-ee86479c5d07_5_876_990,1
5eb74ea5-9b0b-484c-82b2-ee86479c5d07_5_4164_4183,1
5eb74ea5-9b0b-484c-82b2-ee86479c5d07_5_4217_4238,1
5eb74ea5-9b0b-484c-82b2-ee86479c5d07_5_4306_4410,1
5eb74ea5-9b0b-484c-82b2-ee86479c5d07_5_4463_4492,1
5eb74ea5-9b0b-484c-82b2-ee86479c5d07_5_4549_4737,1
5eb74ea5-9b0b-484c-82b2-ee86479c5d07_5_4815_4826,1
5eb74ea5-9b0b-484c-82b2-ee86479c5d07_5_4860_4923,1
5eb74ea5-9b0b-484c-82b2-ee86479c5d07_5_4973_5075,1
5eb74ea5-9b0b-484c-82b2-ee86479c5d07_5_5188_5223,1
5eb74ea5-9b0b-484c-82b2-ee86479c5d07_5_5263_5325,1
5eb74ea5-9b0b-484c-82b2-ee86479c5d07_5_5708_5768,1
5eb74ea5-9b0b-484c-82b2-ee86479c5d07_5_6453_6498,0
5eb74ea5-9b0b-484c-82b2-ee86479c5d07_5_6677_6705,1
5eb74ea5-9b0b-484c-82b2-ee86479c5d07_5_6928_7050,1
5eb74ea5-9b0b-484c-82b2-ee86479c5d07_5_7050_7140,0
5eb74ea5-9b0b-484c-82b2-ee86479c5d07_5_7222_7241,1
5eb74ea5-9b0b-484c-82b2-ee86479c5d07_5_8041_8471,1
5eb74ea5-9b0b-484c-82b2-ee86479c5d07_6_1608_1773,1
5eb74ea5-9b0b-484c-82b2-ee86479c5d07_11_8044_8066,0
5b8c91ca-9d16-48b7-acce-4dec221ffd71_1_6253_6628,1
5b8c91ca-9d16-48b7-acce-4dec221ffd71_1_6995_7635,1
5b8c91ca-9d16-48b7-acce-4dec221ffd71_2_5368_5434,1
5b8c91ca-9d16-48b7-acce-4dec221ffd71_6_6151_6185,1
5b8c91ca-9d16-48b7-acce-4dec221ffd71_7_5829_5925,1
db9978fb-fe4d-467b-9495-ab7daf3b1b55_4_75_105,1
db9978fb-fe4d-467b-9495-ab7daf3b1b55_4_1109_1124,1
db9978fb-fe4d-467b-9495-ab7daf3b1b55_4_1157_1166,1
db9978fb-fe4d-467b-9495-ab7daf3b1b55_12_25_44,1
db9978fb-fe4d-467b-9495-ab7daf3b1b55_12_580_668,1
db9978fb-fe4d-467b-9495-ab7daf3b1b55_12_1194_1279,1
db9978fb-fe4d-467b-9495-ab7daf3b1b55_12_1662_1678,1
db9978fb-fe4d-467b-9495-ab7daf3b1b55_12_1716_1742,1
db9978fb-fe4d-467b-9495-ab7daf3b1b55_15_144_195,0
db9978fb-fe4d-467b-9495-ab7daf3b1b55_16_1170_1185,1
db9978fb-fe4d-467b-9495-ab7daf3b1b55_17_0_14,1
db9978fb-fe4d-467b-9495-ab7daf3b1b55_17_184_240,0
db9978fb-fe4d-467b-9495-ab7daf3b1b55_17_532_574,1
db9978fb-fe4d-467b-9495-ab7daf3b1b55_17_631_643,0
db9978fb-fe4d-467b-9495-ab7daf3b1b55_18_137_203,1
5daa132e-0b97-4d0f-be9d-b514285661fe_1_6_48,1
5daa132e-0b97-4d0f-be9d-b514285661fe_1_216_252,1
5daa132e-0b97-4d0f-be9d-b514285661fe_1_701_800,1
5daa132e-0b97-4d0f-be9d-b514285661fe_1_873_888,1
5daa132e-0b97-4d0f-be9d-b514285661fe_1_2079_2137,1
5daa132e-0b97-4d0f-be9d-b514285661fe_1_2360_2400,1
5daa132e-0b97-4d0f-be9d-b514285661fe_1_2893_2904,1
5daa132e-0b97-4d0f-be9d-b514285661fe_1_3292_3321,1
5daa132e-0b97-4d0f-be9d-b514285661fe_1_4371_4387,1
5daa132e-0b97-4d0f-be9d-b514285661fe_1_5809_5852,1
5daa132e-0b97-4d0f-be9d-b514285661fe_1_5940_6063,1
5daa132e-0b97-4d0f-be9d-b514285661fe_1_6366_6376,1
5daa132e-0b97-4d0f-be9d-b514285661fe_1_6448_6462,1
5daa132e-0b97-4d0f-be9d-b514285661fe_1_6504_6525,1
5daa132e-0b97-4d0f-be9d-b514285661fe_1_6637_6650,1
5daa132e-0b97-4d0f-be9d-b514285661fe_1_6868_6887,1
5daa132e-0b97-4d0f-be9d-b514285661fe_1_7363_7390,1
5daa132e-0b97-4d0f-be9d-b514285661fe_1_7527_7559,1
2e6ff051-0037-4001-90a8-de7643a96f08_1_1399_1427,1
2e6ff051-0037-4001-90a8-de7643a96f08_1_1624_1897,1
2e6ff051-0037-4001-90a8-de7643a96f08_1_2072_2086,1
2e6ff051-0037-4001-90a8-de7643a96f08_1_2273_2290,1
2e6ff051-0037-4001-90a8-de7643a96f08_1_2396_2405,1
2e6ff051-0037-4001-90a8-de7643a96f08_1_3486_3500,1
2e6ff051-0037-4001-90a8-de7643a96f08_1_4501_4853,1
2e6ff051-0037-4001-90a8-de7643a96f08_1_5066_5080,0
2e6ff051-0037-4001-90a8-de7643a96f08_1_5410_5469,1
2e6ff051-0037-4001-90a8-de7643a96f08_1_6767_6781,1
2e6ff051-0037-4001-90a8-de7643a96f08_1_7613_7629,1
2e6ff051-0037-4001-90a8-de7643a96f08_1_7667_7682,1
2e6ff051-0037-4001-90a8-de7643a96f08_1_7816_8014,1
2e6ff051-0037-4001-90a8-de7643a96f08_2_961_1250,1
2e6ff051-0037-4001-90a8-de7643a96f08_2_1438_1524,1
2e6ff051-0037-4001-90a8-de7643a96f08_2_2903_3134,1
2e6ff051-0037-4001-90a8-de7643a96f08_2_5048_5081,1
2e6ff051-0037-4001-90a8-de7643a96f08_2_5137_5282,1
2e6ff051-0037-4001-90a8-de7643a96f08_2_5326_5364,1
2e6ff051-0037-4001-90a8-de7643a96f08_2_5427_5458,0
2e6ff051-0037-4001-90a8-de7643a96f08_2_7820_8789,0
2e6ff051-0037-4001-90a8-de7643a96f08_2_8876_8980,1
2e6ff051-0037-4001-90a8-de7643a96f08_3_1208_1267,0
2e6ff051-0037-4001-90a8-de7643a96f08_3_5443_5469,0
2e6ff051-0037-4001-90a8-de7643a96f08_3_7818_8014,0
fd8cc20a-915e-45a9-93df-320ad998aee4_1_0_26,1
fd8cc20a-915e-45a9-93df-320ad998aee4_1_73_84,1
fd8cc20a-915e-45a9-93df-320ad998aee4_1_1075_1096,1
fd8cc20a-915e-45a9-93df-320ad998aee4_1_1112_1142,1
fd8cc20a-915e-45a9-93df-320ad998aee4_1_2957_3062,1
fd8cc20a-915e-45a9-93df-320ad998aee4_1_3407_3486,1
fd8cc20a-915e-45a9-93df-320ad998aee4_1_3691_3716,1
fd8cc20a-915e-45a9-93df-320ad998aee4_1_3938_4029,1
fd8cc20a-915e-45a9-93df-320ad998aee4_1_4475_4553,1
fd8cc20a-915e-45a9-93df-320ad998aee4_1_5893_6086,1
fd8cc20a-915e-45a9-93df-320ad998aee4_1_6117_6147,1
fd8cc20a-915e-45a9-93df-320ad998aee4_1_6457_6492,1
fd8cc20a-915e-45a9-93df-320ad998aee4_1_6648_6740,1
fd8cc20a-915e-45a9-93df-320ad998aee4_1_7044_7148,1
fd8cc20a-915e-45a9-93df-320ad998aee4_1_7482_7527,1
fd8cc20a-915e-45a9-93df-320ad998aee4_1_7552_7582,1
fd8cc20a-915e-45a9-93df-320ad998aee4_1_7646_7698,1
fd8cc20a-915e-45a9-93df-320ad998aee4_1_7771_7905,1
fd8cc20a-915e-45a9-93df-320ad998aee4_1_7961_8111,1
fd8cc20a-915e-45a9-93df-320ad998aee4_1_8293_8336,1
fd8cc20a-915e-45a9-93df-320ad998aee4_1_8345_8396,1
fd8cc20a-915e-45a9-93df-320ad998aee4_1_8611_8667,1
fd8cc20a-915e-45a9-93df-320ad998aee4_1_8697_8771,1
fd8cc20a-915e-45a9-93df-320ad998aee4_1_8790_8941,1
1492c03c-1887-4576-8889-5bc2848967de_1_57_104,0
1492c03c-1887-4576-8889-5bc2848967de_1_1225_1234,1
1492c03c-1887-4576-8889-5bc2848967de_1_1434_1510,1
1492c03c-1887-4576-8889-5bc2848967de_1_1600_1620,1
1492c03c-1887-4576-8889-5bc2848967de_1_1651_1736,1
1492c03c-1887-4576-8889-5bc2848967de_1_2664_2704,0
1492c03c-1887-4576-8889-5bc2848967de_1_2795_2822,0
1492c03c-1887-4576-8889-5bc2848967de_1_2913_2926,0
1492c03c-1887-4576-8889-5bc2848967de_1_2947_2987,0
1492c03c-1887-4576-8889-5bc2848967de_1_3389_3404,0
1492c03c-1887-4576-8889-5bc2848967de_1_3624_3678,1
1492c03c-1887-4576-8889-5bc2848967de_1_3786_3839,1
1492c03c-1887-4576-8889-5bc2848967de_2_271_292,1
1492c03c-1887-4576-8889-5bc2848967de_2_2012_2044,1
1492c03c-1887-4576-8889-5bc2848967de_3_12_57,1
1492c03c-1887-4576-8889-5bc2848967de_3_227_270,1
1492c03c-1887-4576-8889-5bc2848967de_3_308_354,1
1492c03c-1887-4576-8889-5bc2848967de_3_402_422,1
1492c03c-1887-4576-8889-5bc2848967de_3_534_567,1
1492c03c-1887-4576-8889-5bc2848967de_3_1066_1117,1
1492c03c-1887-4576-8889-5bc2848967de_3_1234_1242,0
1492c03c-1887-4576-8889-5bc2848967de_3_1339_1360,1
1492c03c-1887-4576-8889-5bc2848967de_3_1388_1412,1
1492c03c-1887-4576-8889-5bc2848967de_3_1607_1637,0
1492c03c-1887-4576-8889-5bc2848967de_3_1738_1766,1
1492c03c-1887-4576-8889-5bc2848967de_3_1806_1817,1
1492c03c-1887-4576-8889-5bc2848967de_3_1915_1944,1
1492c03c-1887-4576-8889-5bc2848967de_3_2657_2694,1
1492c03c-1887-4576-8889-5bc2848967de_3_2710_2730,1
1492c03c-1887-4576-8889-5bc2848967de_3_2758_2964,1
1492c03c-1887-4576-8889-5bc2848967de_3_2981_3012,0
1492c03c-1887-4576-8889-5bc2848967de_3_3384_3393,1
1492c03c-1887-4576-8889-5bc2848967de_6_30_71,0
1492c03c-1887-4576-8889-5bc2848967de_7_2730_2756,0
1492c03c-1887-4576-8889-5bc2848967de_7_2810_3077,0
1492c03c-1887-4576-8889-5bc2848967de_7_3464_3484,0
1492c03c-1887-4576-8889-5bc2848967de_8_3408_3474,1
1492c03c-1887-4576-8889-5bc2848967de_9_3100_3143,1
fb62dc3f-a1cd-4f0e-88bc-504fe9d8585d_1_4105_4140,1
fb62dc3f-a1cd-4f0e-88bc-504fe9d8585d_2_2157_2164,1
fb62dc3f-a1cd-4f0e-88bc-504fe9d8585d_2_2291_2323,1
fb62dc3f-a1cd-4f0e-88bc-504fe9d8585d_2_3574_3596,1
fb62dc3f-a1cd-4f0e-88bc-504fe9d8585d_2_3639_3646,1
fb62dc3f-a1cd-4f0e-88bc-504fe9d8585d_2_3682_3688,1
fb62dc3f-a1cd-4f0e-88bc-504fe9d8585d_2_3762_3784,1
fb62dc3f-a1cd-4f0e-88bc-504fe9d8585d_2_4045_4054,1
fb62dc3f-a1cd-4f0e-88bc-504fe9d8585d_3_1690_1752,1
fb62dc3f-a1cd-4f0e-88bc-504fe9d8585d_3_1860_1936,1
fb62dc3f-a1cd-4f0e-88bc-504fe9d8585d_4_81_96,1
fb62dc3f-a1cd-4f0e-88bc-504fe9d8585d_4_248_312,1
fb62dc3f-a1cd-4f0e-88bc-504fe9d8585d_4_493_516,1
fb62dc3f-a1cd-4f0e-88bc-504fe9d8585d_4_1066_1080,1
fb62dc3f-a1cd-4f0e-88bc-504fe9d8585d_4_1109_1124,1
fb62dc3f-a1cd-4f0e-88bc-504fe9d8585d_4_1176_1188,1
fb62dc3f-a1cd-4f0e-88bc-504fe9d8585d_4_2174_2186,1
fb62dc3f-a1cd-4f0e-88bc-504fe9d8585d_4_2240_2276,1
fb62dc3f-a1cd-4f0e-88bc-504fe9d8585d_4_2319_2331,0
fb62dc3f-a1cd-4f0e-88bc-504fe9d8585d_4_2364_2385,1
fb62dc3f-a1cd-4f0e-88bc-504fe9d8585d_6_2705_2721,1
fb62dc3f-a1cd-4f0e-88bc-504fe9d8585d_6_3289_3319,1
fb62dc3f-a1cd-4f0e-88bc-504fe9d8585d_14_1644_1686,1
fb62dc3f-a1cd-4f0e-88bc-504fe9d8585d_14_1766_1848,1
fb62dc3f-a1cd-4f0e-88bc-504fe9d8585d_14_1941_1977,1
71a7456a-da6e-4e38-86ec-76bacaa6db5b_1_1544_1588,1
71a7456a-da6e-4e38-86ec-76bacaa6db5b_1_2093_2105,1
71a7456a-da6e-4e38-86ec-76bacaa6db5b_1_3692_3738,1
71a7456a-da6e-4e38-86ec-76bacaa6db5b_1_4738_4812,1
71a7456a-da6e-4e38-86ec-76bacaa6db5b_1_6429_6464,1
71a7456a-da6e-4e38-86ec-76bacaa6db5b_2_7495_7510,1
71a7456a-da6e-4e38-86ec-76bacaa6db5b_2_8091_8221,1
71a7456a-da6e-4e38-86ec-76bacaa6db5b_2_8856_8916,1
71a7456a-da6e-4e38-86ec-76bacaa6db5b_3_2900_2952,1
71a7456a-da6e-4e38-86ec-76bacaa6db5b_3_6062_6192,1
3627996c-8188-4486-8feb-938b9b0cce2b_1_810_850,1
3627996c-8188-4486-8feb-938b9b0cce2b_1_1821_1857,1
3627996c-8188-4486-8feb-938b9b0cce2b_1_1939_1979,1
3627996c-8188-4486-8feb-938b9b0cce2b_1_5121_5135,1
3627996c-8188-4486-8feb-938b9b0cce2b_1_5300_5374,1
3627996c-8188-4486-8feb-938b9b0cce2b_1_5465_5550,1
3627996c-8188-4486-8feb-938b9b0cce2b_1_5611_5627,1
3627996c-8188-4486-8feb-938b9b0cce2b_1_5765_5840,1
3627996c-8188-4486-8feb-938b9b0cce2b_1_5953_6156,1
3627996c-8188-4486-8feb-938b9b0cce2b_1_6210_6317,1
3627996c-8188-4486-8feb-938b9b0cce2b_1_8590_8657,1
19f880ae-9770-45a5-93f5-00047f22d5f6_1_913_998,1
19f880ae-9770-45a5-93f5-00047f22d5f6_1_6848_6969,1
19f880ae-9770-45a5-93f5-00047f22d5f6_1_7741_7796,1
19f880ae-9770-45a5-93f5-00047f22d5f6_2_1202_1287,1
19f880ae-9770-45a5-93f5-00047f22d5f6_3_108_112,1
19f880ae-9770-45a5-93f5-00047f22d5f6_5_752_781,1
19f880ae-9770-45a5-93f5-00047f22d5f6_10_1330_1363,1
19f880ae-9770-45a5-93f5-00047f22d5f6_16_7640_7729,1
19f880ae-9770-45a5-93f5-00047f22d5f6_16_7759_7831,0
59000084-d286-4c83-90c8-2fbbf80d2d31_1_537_606,1
59000084-d286-4c83-90c8-2fbbf80d2d31_1_795_855,1
59000084-d286-4c83-90c8-2fbbf80d2d31_3_121_193,1
59000084-d286-4c83-90c8-2fbbf80d2d31_3_236_272,1
59000084-d286-4c83-90c8-2fbbf80d2d31_3_406_488,1
59000084-d286-4c83-90c8-2fbbf80d2d31_3_631_653,1
59000084-d286-4c83-90c8-2fbbf80d2d31_3_723_790,1
59000084-d286-4c83-90c8-2fbbf80d2d31_3_893_910,1
59000084-d286-4c83-90c8-2fbbf80d2d31_3_1098_1293,1
63483ea2-d569-45fd-82b2-f80836a8b766_1_677_983,1
63483ea2-d569-45fd-82b2-f80836a8b766_1_1009_1290,1
63483ea2-d569-45fd-82b2-f80836a8b766_1_2591_2650,1
63483ea2-d569-45fd-82b2-f80836a8b766_1_5112_5167,1
63483ea2-d569-45fd-82b2-f80836a8b766_1_5594_5623,1
63483ea2-d569-45fd-82b2-f80836a8b766_1_6738_6897,1
63483ea2-d569-45fd-82b2-f80836a8b766_1_7273_7353,1
63483ea2-d569-45fd-82b2-f80836a8b766_1_8336_8373,1
63483ea2-d569-45fd-82b2-f80836a8b766_1_8565_8668,1
63483ea2-d569-45fd-82b2-f80836a8b766_9_6522_6693,1
63483ea2-d569-45fd-82b2-f80836a8b766_9_7936_8079,1
63483ea2-d569-45fd-82b2-f80836a8b766_9_8743_8889,1
6f3f70b4-8428-4e5f-b1dd-86cd55d8e63f_1_37_51,1
6f3f70b4-8428-4e5f-b1dd-86cd55d8e63f_1_101_119,1
6f3f70b4-8428-4e5f-b1dd-86cd55d8e63f_1_257_290,1
6f3f70b4-8428-4e5f-b1dd-86cd55d8e63f_1_461_472,1
6f3f70b4-8428-4e5f-b1dd-86cd55d8e63f_1_576_597,1
6f3f70b4-8428-4e5f-b1dd-86cd55d8e63f_1_721_1076,1
6f3f70b4-8428-4e5f-b1dd-86cd55d8e63f_1_1225_1251,1
6f3f70b4-8428-4e5f-b1dd-86cd55d8e63f_1_1294_1332,1
6f3f70b4-8428-4e5f-b1dd-86cd55d8e63f_1_1357_1395,1
6f3f70b4-8428-4e5f-b1dd-86cd55d8e63f_1_1796_1807,1
6f3f70b4-8428-4e5f-b1dd-86cd55d8e63f_1_1891_1897,0
6f3f70b4-8428-4e5f-b1dd-86cd55d8e63f_1_2050_2132,1
6f3f70b4-8428-4e5f-b1dd-86cd55d8e63f_1_2332_2414,0
6f3f70b4-8428-4e5f-b1dd-86cd55d8e63f_1_2527_2539,1
6f3f70b4-8428-4e5f-b1dd-86cd55d8e63f_1_2657_2686,1
6f3f70b4-8428-4e5f-b1dd-86cd55d8e63f_1_2715_2731,1
6f3f70b4-8428-4e5f-b1dd-86cd55d8e63f_1_2802_2827,1
6f3f70b4-8428-4e5f-b1dd-86cd55d8e63f_1_3204_3247,1
6f3f70b4-8428-4e5f-b1dd-86cd55d8e63f_1_3511_3539,1
6f3f70b4-8428-4e5f-b1dd-86cd55d8e63f_1_3916_3954,1
6f3f70b4-8428-4e5f-b1dd-86cd55d8e63f_1_4305_4345,1
6f3f70b4-8428-4e5f-b1dd-86cd55d8e63f_1_4897_4920,1
6f3f70b4-8428-4e5f-b1dd-86cd55d8e63f_1_4997_5004,1
6f3f70b4-8428-4e5f-b1dd-86cd55d8e63f_1_5043_5055,1
6f3f70b4-8428-4e5f-b1dd-86cd55d8e63f_1_5669_5786,1
6f3f70b4-8428-4e5f-b1dd-86cd55d8e63f_1_6114_6127,1
6f3f70b4-8428-4e5f-b1dd-86cd55d8e63f_1_6580_6616,1
6f3f70b4-8428-4e5f-b1dd-86cd55d8e63f_1_6699_6721,1
6f3f70b4-8428-4e5f-b1dd-86cd55d8e63f_1_6777_6846,0
6f3f70b4-8428-4e5f-b1dd-86cd55d8e63f_1_7121_7137,1
6f3f70b4-8428-4e5f-b1dd-86cd55d8e63f_1_7800_7837,1
6f3f70b4-8428-4e5f-b1dd-86cd55d8e63f_1_7968_8003,1
6f3f70b4-8428-4e5f-b1dd-86cd55d8e63f_1_8559_8570,1
6f3f70b4-8428-4e5f-b1dd-86cd55d8e63f_1_8685_8725,1
6f3f70b4-8428-4e5f-b1dd-86cd55d8e63f_1_8822_8936,1
6f3f70b4-8428-4e5f-b1dd-86cd55d8e63f_2_63_75,1
6f3f70b4-8428-4e5f-b1dd-86cd55d8e63f_2_133_142,1
6f3f70b4-8428-4e5f-b1dd-86cd55d8e63f_2_317_334,1
6f3f70b4-8428-4e5f-b1dd-86cd55d8e63f_2_377_390,1
6f3f70b4-8428-4e5f-b1dd-86cd55d8e63f_2_663_674,1
6f3f70b4-8428-4e5f-b1dd-86cd55d8e63f_2_930_974,0
6f3f70b4-8428-4e5f-b1dd-86cd55d8e63f_2_1188_1199,1
6f3f70b4-8428-4e5f-b1dd-86cd55d8e63f_2_1264_1290,1
6f3f70b4-8428-4e5f-b1dd-86cd55d8e63f_2_1338_1340,1
6f3f70b4-8428-4e5f-b1dd-86cd55d8e63f_2_1884_1954,1
6f3f70b4-8428-4e5f-b1dd-86cd55d8e63f_2_2095_2207,0
6f3f70b4-8428-4e5f-b1dd-86cd55d8e63f_2_2310_2351,1
6f3f70b4-8428-4e5f-b1dd-86cd55d8e63f_2_2442_2460,1
6f3f70b4-8428-4e5f-b1dd-86cd55d8e63f_2_2506_2510,1
6f3f70b4-8428-4e5f-b1dd-86cd55d8e63f_2_3556_3644,1
6f3f70b4-8428-4e5f-b1dd-86cd55d8e63f_2_3963_3969,1
6f3f70b4-8428-4e5f-b1dd-86cd55d8e63f_2_4102_4114,1
6f3f70b4-8428-4e5f-b1dd-86cd55d8e63f_2_4862_4868,1
6f3f70b4-8428-4e5f-b1dd-86cd55d8e63f_2_5073_5101,1
6f3f70b4-8428-4e5f-b1dd-86cd55d8e63f_2_5613_5632,1
6f3f70b4-8428-4e5f-b1dd-86cd55d8e63f_2_5833_5955,1
6f3f70b4-8428-4e5f-b1dd-86cd55d8e63f_2_6022_6045,1
6f3f70b4-8428-4e5f-b1dd-86cd55d8e63f_2_6607_6634,1
6f3f70b4-8428-4e5f-b1dd-86cd55d8e63f_2_6744_6803,0
6f3f70b4-8428-4e5f-b1dd-86cd55d8e63f_2_7942_7955,1
6f3f70b4-8428-4e5f-b1dd-86cd55d8e63f_2_8285_8302,1
5eaa3bfb-cc71-43fa-88dc-d367ef929a7b_1_53_115,1
5eaa3bfb-cc71-43fa-88dc-d367ef929a7b_1_135_173,1
5eaa3bfb-cc71-43fa-88dc-d367ef929a7b_1_304_412,1
5eaa3bfb-cc71-43fa-88dc-d367ef929a7b_1_533_559,1
5eaa3bfb-cc71-43fa-88dc-d367ef929a7b_1_578_656,1
5eaa3bfb-cc71-43fa-88dc-d367ef929a7b_1_677_773,1
5eaa3bfb-cc71-43fa-88dc-d367ef929a7b_1_807_825,1
5eaa3bfb-cc71-43fa-88dc-d367ef929a7b_1_895_1008,1
5eaa3bfb-cc71-43fa-88dc-d367ef929a7b_1_1047_1064,1
5eaa3bfb-cc71-43fa-88dc-d367ef929a7b_1_1119_1138,1
5eaa3bfb-cc71-43fa-88dc-d367ef929a7b_1_1165_1263,1
5eaa3bfb-cc71-43fa-88dc-d367ef929a7b_1_1662_1694,0
5eaa3bfb-cc71-43fa-88dc-d367ef929a7b_1_1748_1782,1
5eaa3bfb-cc71-43fa-88dc-d367ef929a7b_1_1860_2004,0
5eaa3bfb-cc71-43fa-88dc-d367ef929a7b_1_2062_2148,1
5eaa3bfb-cc71-43fa-88dc-d367ef929a7b_1_2290_2316,0
5eaa3bfb-cc71-43fa-88dc-d367ef929a7b_1_2449_2575,0
5eaa3bfb-cc71-43fa-88dc-d367ef929a7b_1_2611_2637,1
5eaa3bfb-cc71-43fa-88dc-d367ef929a7b_1_2695_2808,0
5eaa3bfb-cc71-43fa-88dc-d367ef929a7b_1_2841_2956,0
5eaa3bfb-cc71-43fa-88dc-d367ef929a7b_1_3020_3173,1
5eaa3bfb-cc71-43fa-88dc-d367ef929a7b_1_3236_3295,0
5eaa3bfb-cc71-43fa-88dc-d367ef929a7b_1_3337_3370,1
5eaa3bfb-cc71-43fa-88dc-d367ef929a7b_1_3476_3577,1
5eaa3bfb-cc71-43fa-88dc-d367ef929a7b_1_3642_3744,1
5eaa3bfb-cc71-43fa-88dc-d367ef929a7b_1_3812_3828,1
5eaa3bfb-cc71-43fa-88dc-d367ef929a7b_1_3878_3901,1
5eaa3bfb-cc71-43fa-88dc-d367ef929a7b_1_3932_3958,1
5eaa3bfb-cc71-43fa-88dc-d367ef929a7b_1_4035_4065,1
5eaa3bfb-cc71-43fa-88dc-d367ef929a7b_1_4349_4380,1
5eaa3bfb-cc71-43fa-88dc-d367ef929a7b_1_4410_4473,1
5eaa3bfb-cc71-43fa-88dc-d367ef929a7b_1_4493_4506,1
5eaa3bfb-cc71-43fa-88dc-d367ef929a7b_1_4649_4673,0
5eaa3bfb-cc71-43fa-88dc-d367ef929a7b_1_4944_4960,1
5eaa3bfb-cc71-43fa-88dc-d367ef929a7b_1_5038_5079,1
5eaa3bfb-cc71-43fa-88dc-d367ef929a7b_1_5418_5498,1
5eaa3bfb-cc71-43fa-88dc-d367ef929a7b_1_5547_5619,1
5eaa3bfb-cc71-43fa-88dc-d367ef929a7b_1_5669_5699,1
5eaa3bfb-cc71-43fa-88dc-d367ef929a7b_1_6061_6182,1
5eaa3bfb-cc71-43fa-88dc-d367ef929a7b_1_6236_6273,1
5eaa3bfb-cc71-43fa-88dc-d367ef929a7b_1_6448_6482,1
5eaa3bfb-cc71-43fa-88dc-d367ef929a7b_1_6636_6657,1
5eaa3bfb-cc71-43fa-88dc-d367ef929a7b_1_6729_6896,1
5eaa3bfb-cc71-43fa-88dc-d367ef929a7b_1_6942_6982,0
5eaa3bfb-cc71-43fa-88dc-d367ef929a7b_1_7026_7048,1
5eaa3bfb-cc71-43fa-88dc-d367ef929a7b_1_7362_7409,1
5eaa3bfb-cc71-43fa-88dc-d367ef929a7b_1_7491_7597,1
5eaa3bfb-cc71-43fa-88dc-d367ef929a7b_1_7683_7727,0
5eaa3bfb-cc71-43fa-88dc-d367ef929a7b_1_7758_7911,0
5eaa3bfb-cc71-43fa-88dc-d367ef929a7b_1_8218_8269,1
5eaa3bfb-cc71-43fa-88dc-d367ef929a7b_1_8355_8457,1
5eaa3bfb-cc71-43fa-88dc-d367ef929a7b_1_8543_8718,0
5eaa3bfb-cc71-43fa-88dc-d367ef929a7b_1_8759_8781,0
5eaa3bfb-cc71-43fa-88dc-d367ef929a7b_1_8843_8887,1
5eaa3bfb-cc71-43fa-88dc-d367ef929a7b_2_0_34,1
5eaa3bfb-cc71-43fa-88dc-d367ef929a7b_2_195_227,1
5eaa3bfb-cc71-43fa-88dc-d367ef929a7b_2_378_434,0
5eaa3bfb-cc71-43fa-88dc-d367ef929a7b_2_1257_1328,0
5eaa3bfb-cc71-43fa-88dc-d367ef929a7b_2_1536_1576,0
5eaa3bfb-cc71-43fa-88dc-d367ef929a7b_2_1791_1861,1
5eaa3bfb-cc71-43fa-88dc-d367ef929a7b_2_2240_2357,0
5eaa3bfb-cc71-43fa-88dc-d367ef929a7b_2_2617_2644,0
5eaa3bfb-cc71-43fa-88dc-d367ef929a7b_2_3037_3048,0
5eaa3bfb-cc71-43fa-88dc-d367ef929a7b_2_3065_3072,0
5eaa3bfb-cc71-43fa-88dc-d367ef929a7b_2_4535_4580,1
5eaa3bfb-cc71-43fa-88dc-d367ef929a7b_2_4657_4683,0
5eaa3bfb-cc71-43fa-88dc-d367ef929a7b_2_5262_5400,1
5eaa3bfb-cc71-43fa-88dc-d367ef929a7b_2_5464_5529,1
5eaa3bfb-cc71-43fa-88dc-d367ef929a7b_2_5610_5646,0
5eaa3bfb-cc71-43fa-88dc-d367ef929a7b_2_5691_5719,0
5eaa3bfb-cc71-43fa-88dc-d367ef929a7b_2_5818_5906,1
5eaa3bfb-cc71-43fa-88dc-d367ef929a7b_2_6260_6361,0
5eaa3bfb-cc71-43fa-88dc-d367ef929a7b_2_6489_6620,0
5eaa3bfb-cc71-43fa-88dc-d367ef929a7b_2_6828_6839,0
5eaa3bfb-cc71-43fa-88dc-d367ef929a7b_2_6903_7024,1
5eaa3bfb-cc71-43fa-88dc-d367ef929a7b_2_7495_7548,0
5eaa3bfb-cc71-43fa-88dc-d367ef929a7b_2_7609_7691,1
5eaa3bfb-cc71-43fa-88dc-d367ef929a7b_2_7727_7820,0
5eaa3bfb-cc71-43fa-88dc-d367ef929a7b_3_769_799,0
5eaa3bfb-cc71-43fa-88dc-d367ef929a7b_3_934_947,0
5eaa3bfb-cc71-43fa-88dc-d367ef929a7b_3_1334_1743,1
5eaa3bfb-cc71-43fa-88dc-d367ef929a7b_3_2156_2267,1
5eaa3bfb-cc71-43fa-88dc-d367ef929a7b_3_2426_2454,1
5eaa3bfb-cc71-43fa-88dc-d367ef929a7b_3_2645_2743,1
5eaa3bfb-cc71-43fa-88dc-d367ef929a7b_3_2769_2854,0
5eaa3bfb-cc71-43fa-88dc-d367ef929a7b_3_2951_3014,0
5eaa3bfb-cc71-43fa-88dc-d367ef929a7b_3_3210_3325,1
5eaa3bfb-cc71-43fa-88dc-d367ef929a7b_3_3960_4017,1
5eaa3bfb-cc71-43fa-88dc-d367ef929a7b_3_4113_4213,1
5eaa3bfb-cc71-43fa-88dc-d367ef929a7b_3_4414_4476,0
5eaa3bfb-cc71-43fa-88dc-d367ef929a7b_3_4578_4746,0
5eaa3bfb-cc71-43fa-88dc-d367ef929a7b_3_4861_4917,1
5eaa3bfb-cc71-43fa-88dc-d367ef929a7b_3_5186_5332,1
5eaa3bfb-cc71-43fa-88dc-d367ef929a7b_3_5715_5733,0
5eaa3bfb-cc71-43fa-88dc-d367ef929a7b_3_5769_5791,1
5eaa3bfb-cc71-43fa-88dc-d367ef929a7b_3_5939_6035,1
5eaa3bfb-cc71-43fa-88dc-d367ef929a7b_3_6330_6434,0
5eaa3bfb-cc71-43fa-88dc-d367ef929a7b_3_6488_6516,1
5eaa3bfb-cc71-43fa-88dc-d367ef929a7b_3_7232_7316,1
5eaa3bfb-cc71-43fa-88dc-d367ef929a7b_3_7432_7485,1
5eaa3bfb-cc71-43fa-88dc-d367ef929a7b_3_8537_8569,1
5eaa3bfb-cc71-43fa-88dc-d367ef929a7b_3_8634_8663,0
5eaa3bfb-cc71-43fa-88dc-d367ef929a7b_3_8694_8789,0
31488ff6-05ef-4362-9786-35981b06f307_1_197_243,1
31488ff6-05ef-4362-9786-35981b06f307_1_635_648,1
31488ff6-05ef-4362-9786-35981b06f307_1_731_775,1
31488ff6-05ef-4362-9786-35981b06f307_1_1108_1176,1
31488ff6-05ef-4362-9786-35981b06f307_1_1240_1265,0
31488ff6-05ef-4362-9786-35981b06f307_1_1571_1590,1
31488ff6-05ef-4362-9786-35981b06f307_1_1925_1943,1
31488ff6-05ef-4362-9786-35981b06f307_1_2341_2398,1
31488ff6-05ef-4362-9786-35981b06f307_1_3365_3382,1
31488ff6-05ef-4362-9786-35981b06f307_1_4535_4550,1
31488ff6-05ef-4362-9786-35981b06f307_1_5076_5102,1
31488ff6-05ef-4362-9786-35981b06f307_1_5281_5324,1
31488ff6-05ef-4362-9786-35981b06f307_1_5986_6015,1
31488ff6-05ef-4362-9786-35981b06f307_1_6256_6272,1
31488ff6-05ef-4362-9786-35981b06f307_1_7197_7220,0
31488ff6-05ef-4362-9786-35981b06f307_1_7279_7305,0
31488ff6-05ef-4362-9786-35981b06f307_1_7665_7718,1
31488ff6-05ef-4362-9786-35981b06f307_1_8951_8967,1
31488ff6-05ef-4362-9786-35981b06f307_2_645_679,0
31488ff6-05ef-4362-9786-35981b06f307_2_993_1007,1
31488ff6-05ef-4362-9786-35981b06f307_2_1008_1021,1
31488ff6-05ef-4362-9786-35981b06f307_2_1495_1552,0
31488ff6-05ef-4362-9786-35981b06f307_2_1756_1788,0
31488ff6-05ef-4362-9786-35981b06f307_2_1840_1863,1
31488ff6-05ef-4362-9786-35981b06f307_2_2220_2297,1
31488ff6-05ef-4362-9786-35981b06f307_2_2609_2630,1
31488ff6-05ef-4362-9786-35981b06f307_2_2726_2737,0
31488ff6-05ef-4362-9786-35981b06f307_2_2809_2831,0
31488ff6-05ef-4362-9786-35981b06f307_2_2956_3008,1
31488ff6-05ef-4362-9786-35981b06f307_2_3274_3302,1
31488ff6-05ef-4362-9786-35981b06f307_2_3479_3534,1
31488ff6-05ef-4362-9786-35981b06f307_2_3591_3630,1
31488ff6-05ef-4362-9786-35981b06f307_2_3667_3688,1
31488ff6-05ef-4362-9786-35981b06f307_2_4202_4239,1
31488ff6-05ef-4362-9786-35981b06f307_2_4244_4287,0
31488ff6-05ef-4362-9786-35981b06f307_2_4593_4608,1
31488ff6-05ef-4362-9786-35981b06f307_2_4655_4670,1
31488ff6-05ef-4362-9786-35981b06f307_2_4951_4976,1
31488ff6-05ef-4362-9786-35981b06f307_2_5780_5811,1
31488ff6-05ef-4362-9786-35981b06f307_2_6541_6574,0
31488ff6-05ef-4362-9786-35981b06f307_2_8460_8487,1
31488ff6-05ef-4362-9786-35981b06f307_2_8756_8794,1
31488ff6-05ef-4362-9786-35981b06f307_2_8834_8858,1
31488ff6-05ef-4362-9786-35981b06f307_3_46_92,1
31488ff6-05ef-4362-9786-35981b06f307_3_165_187,1
31488ff6-05ef-4362-9786-35981b06f307_3_848_871,1
31488ff6-05ef-4362-9786-35981b06f307_3_1053_1073,1
31488ff6-05ef-4362-9786-35981b06f307_3_1187_1286,1
31488ff6-05ef-4362-9786-35981b06f307_3_1719_1760,1
31488ff6-05ef-4362-9786-35981b06f307_3_2473_2488,1
31488ff6-05ef-4362-9786-35981b06f307_3_2649_2737,1
31488ff6-05ef-4362-9786-35981b06f307_3_2796_2842,1
31488ff6-05ef-4362-9786-35981b06f307_3_3030_3048,1
31488ff6-05ef-4362-9786-35981b06f307_3_3407_3465,1
31488ff6-05ef-4362-9786-35981b06f307_3_3842_3882,1
31488ff6-05ef-4362-9786-35981b06f307_3_4243_4261,1
31488ff6-05ef-4362-9786-35981b06f307_3_4386_4403,1
31488ff6-05ef-4362-9786-35981b06f307_3_4554_4587,1
31488ff6-05ef-4362-9786-35981b06f307_3_4899_4923,1
31488ff6-05ef-4362-9786-35981b06f307_3_5473_5494,1
31488ff6-05ef-4362-9786-35981b06f307_3_5632_5647,1
31488ff6-05ef-4362-9786-35981b06f307_3_5682_5694,1
31488ff6-05ef-4362-9786-35981b06f307_3_5931_5954,1
31488ff6-05ef-4362-9786-35981b06f307_3_6529_6604,1
31488ff6-05ef-4362-9786-35981b06f307_3_6615_6687,0
31488ff6-05ef-4362-9786-35981b06f307_3_6706_6733,0
31488ff6-05ef-4362-9786-35981b06f307_3_7016_7055,1
31488ff6-05ef-4362-9786-35981b06f307_3_7128_7290,1
31488ff6-05ef-4362-9786-35981b06f307_3_8108_8128,1
31488ff6-05ef-4362-9786-35981b06f307_3_8873_8916,1
31488ff6-05ef-4362-9786-35981b06f307_4_0_21,1
31488ff6-05ef-4362-9786-35981b06f307_4_60_92,0
31488ff6-05ef-4362-9786-35981b06f307_4_347_402,1
31488ff6-05ef-4362-9786-35981b06f307_4_587_619,1
31488ff6-05ef-4362-9786-35981b06f307_4_1363_1545,1
31488ff6-05ef-4362-9786-35981b06f307_4_1662_1673,1
31488ff6-05ef-4362-9786-35981b06f307_4_1756_1809,0
31488ff6-05ef-4362-9786-35981b06f307_4_2092_2104,1
31488ff6-05ef-4362-9786-35981b06f307_4_2875_2911,1
31488ff6-05ef-4362-9786-35981b06f307_4_5130_5147,1
31488ff6-05ef-4362-9786-35981b06f307_4_5718_5737,1
31488ff6-05ef-4362-9786-35981b06f307_4_5797_5837,0
31488ff6-05ef-4362-9786-35981b06f307_4_6608_6724,1
31488ff6-05ef-4362-9786-35981b06f307_4_7082_7123,1
31488ff6-05ef-4362-9786-35981b06f307_4_8328_8416,1
08b0935e-6260-4bd6-86ca-f6fc54e388be_1_0_54,1
08b0935e-6260-4bd6-86ca-f6fc54e388be_1_2661_2676,1
08b0935e-6260-4bd6-86ca-f6fc54e388be_1_2807_2821,1
08b0935e-6260-4bd6-86ca-f6fc54e388be_1_4743_4757,1
08b0935e-6260-4bd6-86ca-f6fc54e388be_1_5235_5254,1
08b0935e-6260-4bd6-86ca-f6fc54e388be_1_6219_6244,1
08b0935e-6260-4bd6-86ca-f6fc54e388be_1_6875_6927,1
08b0935e-6260-4bd6-86ca-f6fc54e388be_1_7798_7864,1
08b0935e-6260-4bd6-86ca-f6fc54e388be_2_1687_1725,1
08b0935e-6260-4bd6-86ca-f6fc54e388be_2_3553_3606,1
08b0935e-6260-4bd6-86ca-f6fc54e388be_2_7744_7830,1
be25331c-b1a0-4187-93fb-3b59437258c3_1_4214_4525,1
be25331c-b1a0-4187-93fb-3b59437258c3_1_5169_5239,0
be25331c-b1a0-4187-93fb-3b59437258c3_1_5354_5629,1
be25331c-b1a0-4187-93fb-3b59437258c3_6_4937_4991,1
be25331c-b1a0-4187-93fb-3b59437258c3_6_5592_5641,0
be25331c-b1a0-4187-93fb-3b59437258c3_12_5052_5215,1
be25331c-b1a0-4187-93fb-3b59437258c3_12_5629_5662,0
37afa156-a068-458e-8bf7-ec6f1f2415bc_1_47_78,0
37afa156-a068-458e-8bf7-ec6f1f2415bc_1_113_166,1
37afa156-a068-458e-8bf7-ec6f1f2415bc_1_243_309,1
37afa156-a068-458e-8bf7-ec6f1f2415bc_1_398_456,1
37afa156-a068-458e-8bf7-ec6f1f2415bc_1_750_850,0
37afa156-a068-458e-8bf7-ec6f1f2415bc_1_1213_1237,1
37afa156-a068-458e-8bf7-ec6f1f2415bc_1_1289_1307,1
37afa156-a068-458e-8bf7-ec6f1f2415bc_1_1370_1401,1
37afa156-a068-458e-8bf7-ec6f1f2415bc_1_2199_2221,0
37afa156-a068-458e-8bf7-ec6f1f2415bc_1_2350_2446,1
37afa156-a068-458e-8bf7-ec6f1f2415bc_1_2479_2518,1
37afa156-a068-458e-8bf7-ec6f1f2415bc_1_2560_2574,1
37afa156-a068-458e-8bf7-ec6f1f2415bc_1_2822_2870,1
37afa156-a068-458e-8bf7-ec6f1f2415bc_1_3114_3381,1
37afa156-a068-458e-8bf7-ec6f1f2415bc_1_3481_3533,1
37afa156-a068-458e-8bf7-ec6f1f2415bc_1_3601_3628,1
37afa156-a068-458e-8bf7-ec6f1f2415bc_1_4176_4269,1
37afa156-a068-458e-8bf7-ec6f1f2415bc_1_4361_4380,0
37afa156-a068-458e-8bf7-ec6f1f2415bc_1_4717_4743,1
37afa156-a068-458e-8bf7-ec6f1f2415bc_1_5050_5097,1
37afa156-a068-458e-8bf7-ec6f1f2415bc_1_5340_5403,0
37afa156-a068-458e-8bf7-ec6f1f2415bc_1_5561_5585,1
37afa156-a068-458e-8bf7-ec6f1f2415bc_1_5604_5694,1
37afa156-a068-458e-8bf7-ec6f1f2415bc_1_5730_5826,1
37afa156-a068-458e-8bf7-ec6f1f2415bc_1_5855_5907,0
37afa156-a068-458e-8bf7-ec6f1f2415bc_1_5957_5972,0
37afa156-a068-458e-8bf7-ec6f1f2415bc_1_6043_6125,1
37afa156-a068-458e-8bf7-ec6f1f2415bc_1_6191_6221,1
37afa156-a068-458e-8bf7-ec6f1f2415bc_1_6225_6282,1
37afa156-a068-458e-8bf7-ec6f1f2415bc_1_6384_6399,0
37afa156-a068-458e-8bf7-ec6f1f2415bc_1_6563_6615,0
37afa156-a068-458e-8bf7-ec6f1f2415bc_1_6719_6731,0
37afa156-a068-458e-8bf7-ec6f1f2415bc_1_7786_7801,1
37afa156-a068-458e-8bf7-ec6f1f2415bc_1_7911_7920,1
37afa156-a068-458e-8bf7-ec6f1f2415bc_1_8098_8118,1
37afa156-a068-458e-8bf7-ec6f1f2415bc_1_8519_8550,0
37afa156-a068-458e-8bf7-ec6f1f2415bc_1_8647_8658,1
37afa156-a068-458e-8bf7-ec6f1f2415bc_2_194_227,1
37afa156-a068-458e-8bf7-ec6f1f2415bc_2_287_362,0
37afa156-a068-458e-8bf7-ec6f1f2415bc_2_456_533,0
37afa156-a068-458e-8bf7-ec6f1f2415bc_2_560_728,0
37afa156-a068-458e-8bf7-ec6f1f2415bc_2_841_1116,1
37afa156-a068-458e-8bf7-ec6f1f2415bc_2_1186_1197,1
37afa156-a068-458e-8bf7-ec6f1f2415bc_2_1316_1334,1
37afa156-a068-458e-8bf7-ec6f1f2415bc_2_1495_1503,0
37afa156-a068-458e-8bf7-ec6f1f2415bc_2_1659_1725,1
37afa156-a068-458e-8bf7-ec6f1f2415bc_2_1909_2170,0
37afa156-a068-458e-8bf7-ec6f1f2415bc_2_2584_2616,1
37afa156-a068-458e-8bf7-ec6f1f2415bc_2_3548_3556,1
37afa156-a068-458e-8bf7-ec6f1f2415bc_2_4129_4174,1
37afa156-a068-458e-8bf7-ec6f1f2415bc_2_4196_4204,0
37afa156-a068-458e-8bf7-ec6f1f2415bc_2_4329_4371,1
37afa156-a068-458e-8bf7-ec6f1f2415bc_2_4465_4494,1
37afa156-a068-458e-8bf7-ec6f1f2415bc_2_4535_4658,1
37afa156-a068-458e-8bf7-ec6f1f2415bc_2_4767_4912,1
37afa156-a068-458e-8bf7-ec6f1f2415bc_2_5146_5180,1
37afa156-a068-458e-8bf7-ec6f1f2415bc_2_5242_5273,0
37afa156-a068-458e-8bf7-ec6f1f2415bc_2_5324_5346,1
37afa156-a068-458e-8bf7-ec6f1f2415bc_2_5418_5555,1
37afa156-a068-458e-8bf7-ec6f1f2415bc_2_5636_5644,0
37afa156-a068-458e-8bf7-ec6f1f2415bc_2_5826_5833,0
37afa156-a068-458e-8bf7-ec6f1f2415bc_2_5864_5957,0
37afa156-a068-458e-8bf7-ec6f1f2415bc_2_5972_6034,0
37afa156-a068-458e-8bf7-ec6f1f2415bc_2_6289_6384,0
37afa156-a068-458e-8bf7-ec6f1f2415bc_2_6400_6413,1
37afa156-a068-458e-8bf7-ec6f1f2415bc_2_6634_6740,1
37afa156-a068-458e-8bf7-ec6f1f2415bc_2_7427_7461,0
37afa156-a068-458e-8bf7-ec6f1f2415bc_2_7534_7727,1
37afa156-a068-458e-8bf7-ec6f1f2415bc_2_7837_7863,0
37afa156-a068-458e-8bf7-ec6f1f2415bc_2_8014_8025,0
37afa156-a068-458e-8bf7-ec6f1f2415bc_2_8071_8087,1
37afa156-a068-458e-8bf7-ec6f1f2415bc_2_8162_8267,1
37afa156-a068-458e-8bf7-ec6f1f2415bc_2_8314_8359,1
37afa156-a068-458e-8bf7-ec6f1f2415bc_2_8400_8487,1
37afa156-a068-458e-8bf7-ec6f1f2415bc_2_8621_8641,0
37afa156-a068-458e-8bf7-ec6f1f2415bc_3_12_66,1
37afa156-a068-458e-8bf7-ec6f1f2415bc_3_83_110,1
37afa156-a068-458e-8bf7-ec6f1f2415bc_3_170_182,1
37afa156-a068-458e-8bf7-ec6f1f2415bc_3_501_525,0
37afa156-a068-458e-8bf7-ec6f1f2415bc_3_712_750,0
37afa156-a068-458e-8bf7-ec6f1f2415bc_3_917_1000,0
37afa156-a068-458e-8bf7-ec6f1f2415bc_3_1477_1631,1
37afa156-a068-458e-8bf7-ec6f1f2415bc_3_1725_1738,0
37afa156-a068-458e-8bf7-ec6f1f2415bc_3_1765_1792,1
37afa156-a068-458e-8bf7-ec6f1f2415bc_3_2158_2328,0
37afa156-a068-458e-8bf7-ec6f1f2415bc_3_2657_2710,1
37afa156-a068-458e-8bf7-ec6f1f2415bc_3_2759_2795,1
37afa156-a068-458e-8bf7-ec6f1f2415bc_3_2985_3093,1
37afa156-a068-458e-8bf7-ec6f1f2415bc_3_3120_3133,0
37afa156-a068-458e-8bf7-ec6f1f2415bc_3_4233_4314,0
37afa156-a068-458e-8bf7-ec6f1f2415bc_3_4386_4459,1
37afa156-a068-458e-8bf7-ec6f1f2415bc_3_4818_4850,0
37afa156-a068-458e-8bf7-ec6f1f2415bc_3_4930_5031,1
37afa156-a068-458e-8bf7-ec6f1f2415bc_3_5221_5306,1
37afa156-a068-458e-8bf7-ec6f1f2415bc_3_5608_5636,0
37afa156-a068-458e-8bf7-ec6f1f2415bc_3_5739_5753,0
37afa156-a068-458e-8bf7-ec6f1f2415bc_3_5972_5990,0
37afa156-a068-458e-8bf7-ec6f1f2415bc_3_6153_6188,1
37afa156-a068-458e-8bf7-ec6f1f2415bc_3_6282_6326,0
37afa156-a068-458e-8bf7-ec6f1f2415bc_3_6838_6901,1
37afa156-a068-458e-8bf7-ec6f1f2415bc_3_7396_7437,1
37afa156-a068-458e-8bf7-ec6f1f2415bc_3_7801_7907,0
37afa156-a068-458e-8bf7-ec6f1f2415bc_3_7972_7976,0
37afa156-a068-458e-8bf7-ec6f1f2415bc_3_8504_8528,1
37afa156-a068-458e-8bf7-ec6f1f2415bc_3_8695_8710,1
37afa156-a068-458e-8bf7-ec6f1f2415bc_4_556_586,1
37afa156-a068-458e-8bf7-ec6f1f2415bc_4_790_842,0
37afa156-a068-458e-8bf7-ec6f1f2415bc_4_1738_1747,0
37afa156-a068-458e-8bf7-ec6f1f2415bc_4_1809_1830,1
37afa156-a068-458e-8bf7-ec6f1f2415bc_4_1838_1916,1
37afa156-a068-458e-8bf7-ec6f1f2415bc_4_2728_2734,1
37afa156-a068-458e-8bf7-ec6f1f2415bc_4_2887_2903,1
37afa156-a068-458e-8bf7-ec6f1f2415bc_4_5840_5855,1
37afa156-a068-458e-8bf7-ec6f1f2415bc_4_5922_5950,0
37afa156-a068-458e-8bf7-ec6f1f2415bc_4_6455_6468,1
37afa156-a068-458e-8bf7-ec6f1f2415bc_4_6522_6563,1
37afa156-a068-458e-8bf7-ec6f1f2415bc_4_7920_7952,0
37afa156-a068-458e-8bf7-ec6f1f2415bc_4_8621_8641,0
b844cb2d-6428-4d5e-abac-958f2704d4c8_1_7_40,1
b844cb2d-6428-4d5e-abac-958f2704d4c8_1_86_149,1
b844cb2d-6428-4d5e-abac-958f2704d4c8_1_840_855,0
b844cb2d-6428-4d5e-abac-958f2704d4c8_1_1054_1062,0
b844cb2d-6428-4d5e-abac-958f2704d4c8_1_1113_1134,1
b844cb2d-6428-4d5e-abac-958f2704d4c8_1_1181_1191,1
b844cb2d-6428-4d5e-abac-958f2704d4c8_1_2008_2031,1
b844cb2d-6428-4d5e-abac-958f2704d4c8_1_2074_2085,1
b844cb2d-6428-4d5e-abac-958f2704d4c8_1_2263_2315,0
b844cb2d-6428-4d5e-abac-958f2704d4c8_1_2345_2411,1
b844cb2d-6428-4d5e-abac-958f2704d4c8_1_3337_3357,1
b844cb2d-6428-4d5e-abac-958f2704d4c8_1_3688_3746,0
b844cb2d-6428-4d5e-abac-958f2704d4c8_1_4053_4123,0
b844cb2d-6428-4d5e-abac-958f2704d4c8_1_4992_5076,1
b844cb2d-6428-4d5e-abac-958f2704d4c8_1_5289_5356,1
b844cb2d-6428-4d5e-abac-958f2704d4c8_1_5461_5485,0
b844cb2d-6428-4d5e-abac-958f2704d4c8_1_5758_5814,0
b844cb2d-6428-4d5e-abac-958f2704d4c8_1_5968_5978,0
b844cb2d-6428-4d5e-abac-958f2704d4c8_1_6169_6224,1
b844cb2d-6428-4d5e-abac-958f2704d4c8_1_6486_6509,1
b844cb2d-6428-4d5e-abac-958f2704d4c8_1_6761_6869,0
b844cb2d-6428-4d5e-abac-958f2704d4c8_1_6946_6988,1
b844cb2d-6428-4d5e-abac-958f2704d4c8_1_7445_7587,0
b844cb2d-6428-4d5e-abac-958f2704d4c8_1_7728_7760,1
b844cb2d-6428-4d5e-abac-958f2704d4c8_1_8056_8175,1
b844cb2d-6428-4d5e-abac-958f2704d4c8_2_8_27,0
b844cb2d-6428-4d5e-abac-958f2704d4c8_2_195_225,1
b844cb2d-6428-4d5e-abac-958f2704d4c8_2_266_298,0
b844cb2d-6428-4d5e-abac-958f2704d4c8_2_789_837,0
b844cb2d-6428-4d5e-abac-958f2704d4c8_2_989_1092,1
b844cb2d-6428-4d5e-abac-958f2704d4c8_2_1126_1150,0
b844cb2d-6428-4d5e-abac-958f2704d4c8_2_1198_1208,1
b844cb2d-6428-4d5e-abac-958f2704d4c8_2_1265_1318,1
b844cb2d-6428-4d5e-abac-958f2704d4c8_2_1576_1716,0
b844cb2d-6428-4d5e-abac-958f2704d4c8_2_1762_1838,1
b844cb2d-6428-4d5e-abac-958f2704d4c8_2_1895_1925,0
b844cb2d-6428-4d5e-abac-958f2704d4c8_2_2034_2046,1
b844cb2d-6428-4d5e-abac-958f2704d4c8_2_2222_2247,0
b844cb2d-6428-4d5e-abac-958f2704d4c8_2_2353_2373,0
b844cb2d-6428-4d5e-abac-958f2704d4c8_2_2417_2424,1
b844cb2d-6428-4d5e-abac-958f2704d4c8_2_2486_2518,1
b844cb2d-6428-4d5e-abac-958f2704d4c8_2_2561_2576,1
b844cb2d-6428-4d5e-abac-958f2704d4c8_2_2623_2636,1
b844cb2d-6428-4d5e-abac-958f2704d4c8_2_3042_3051,1
b844cb2d-6428-4d5e-abac-958f2704d4c8_2_3220_3234,1
b844cb2d-6428-4d5e-abac-958f2704d4c8_2_3269_3285,1
b844cb2d-6428-4d5e-abac-958f2704d4c8_2_3361_3381,1
b844cb2d-6428-4d5e-abac-958f2704d4c8_2_3778_3791,1
b844cb2d-6428-4d5e-abac-958f2704d4c8_2_3830_3930,1
b844cb2d-6428-4d5e-abac-958f2704d4c8_2_4113_4134,0
b844cb2d-6428-4d5e-abac-958f2704d4c8_2_4373_4394,1
b844cb2d-6428-4d5e-abac-958f2704d4c8_2_4513_4525,1
b844cb2d-6428-4d5e-abac-958f2704d4c8_2_4709_4844,0
b844cb2d-6428-4d5e-abac-958f2704d4c8_2_4904_4924,0
b844cb2d-6428-4d5e-abac-958f2704d4c8_2_5059_5086,0
b844cb2d-6428-4d5e-abac-958f2704d4c8_2_5183_5203,0
b844cb2d-6428-4d5e-abac-958f2704d4c8_2_5415_5476,0
b844cb2d-6428-4d5e-abac-958f2704d4c8_2_5572_5583,1
b844cb2d-6428-4d5e-abac-958f2704d4c8_2_5754_5773,1
b844cb2d-6428-4d5e-abac-958f2704d4c8_2_5978_6033,0
b844cb2d-6428-4d5e-abac-958f2704d4c8_2_6074_6128,0
b844cb2d-6428-4d5e-abac-958f2704d4c8_2_6186_6245,0
b844cb2d-6428-4d5e-abac-958f2704d4c8_2_6357_6383,1
b844cb2d-6428-4d5e-abac-958f2704d4c8_2_6446_6467,1
b844cb2d-6428-4d5e-abac-958f2704d4c8_2_6757_6888,1
b844cb2d-6428-4d5e-abac-958f2704d4c8_2_6953_6984,0
b844cb2d-6428-4d5e-abac-958f2704d4c8_2_7126_7165,1
b844cb2d-6428-4d5e-abac-958f2704d4c8_2_7669_7716,1
b844cb2d-6428-4d5e-abac-958f2704d4c8_2_7835_7916,1
b844cb2d-6428-4d5e-abac-958f2704d4c8_2_8256_8297,0
b844cb2d-6428-4d5e-abac-958f2704d4c8_2_8347_8369,0
b844cb2d-6428-4d5e-abac-958f2704d4c8_2_8400_8432,1
b844cb2d-6428-4d5e-abac-958f2704d4c8_3_244_296,1
b844cb2d-6428-4d5e-abac-958f2704d4c8_3_658_680,1
b844cb2d-6428-4d5e-abac-958f2704d4c8_3_710_868,1
b844cb2d-6428-4d5e-abac-958f2704d4c8_3_912_975,1
b844cb2d-6428-4d5e-abac-958f2704d4c8_3_1226_1242,1
b844cb2d-6428-4d5e-abac-958f2704d4c8_3_1452_1509,1
b844cb2d-6428-4d5e-abac-958f2704d4c8_3_1631_1761,0
b844cb2d-6428-4d5e-abac-958f2704d4c8_3_2083_2111,0
b844cb2d-6428-4d5e-abac-958f2704d4c8_3_2139_2265,1
b844cb2d-6428-4d5e-abac-958f2704d4c8_3_2586_2600,1
b844cb2d-6428-4d5e-abac-958f2704d4c8_3_2659_2801,1
b844cb2d-6428-4d5e-abac-958f2704d4c8_3_2873_2962,1
b844cb2d-6428-4d5e-abac-958f2704d4c8_3_3132_3168,1
b844cb2d-6428-4d5e-abac-958f2704d4c8_3_3621_3688,1
b844cb2d-6428-4d5e-abac-958f2704d4c8_3_3782_3818,0
b844cb2d-6428-4d5e-abac-958f2704d4c8_3_4130_4330,0
b844cb2d-6428-4d5e-abac-958f2704d4c8_3_4384_4452,0
b844cb2d-6428-4d5e-abac-958f2704d4c8_3_4542_4572,1
b844cb2d-6428-4d5e-abac-958f2704d4c8_3_4652_4719,1
b844cb2d-6428-4d5e-abac-958f2704d4c8_3_4850_4976,1
b844cb2d-6428-4d5e-abac-958f2704d4c8_3_5088_5131,1
b844cb2d-6428-4d5e-abac-958f2704d4c8_3_5181_5275,1
b844cb2d-6428-4d5e-abac-958f2704d4c8_3_5355_5373,0
b844cb2d-6428-4d5e-abac-958f2704d4c8_3_5406_5544,1
b844cb2d-6428-4d5e-abac-958f2704d4c8_3_5575_5734,0
b844cb2d-6428-4d5e-abac-958f2704d4c8_3_5875_6077,1
b844cb2d-6428-4d5e-abac-958f2704d4c8_3_6182_6194,0
b844cb2d-6428-4d5e-abac-958f2704d4c8_3_6269_6351,1
b844cb2d-6428-4d5e-abac-958f2704d4c8_3_6388_6408,1
b844cb2d-6428-4d5e-abac-958f2704d4c8_3_6499_6597,0
b844cb2d-6428-4d5e-abac-958f2704d4c8_3_6637_6679,1
b844cb2d-6428-4d5e-abac-958f2704d4c8_3_6876_6904,0
b844cb2d-6428-4d5e-abac-958f2704d4c8_3_7176_7209,1
b844cb2d-6428-4d5e-abac-958f2704d4c8_3_7288_7325,1
b844cb2d-6428-4d5e-abac-958f2704d4c8_3_7385_7460,1
b844cb2d-6428-4d5e-abac-958f2704d4c8_3_7751_7832,0
b844cb2d-6428-4d5e-abac-958f2704d4c8_3_8255_8368,1
502ce8f6-bd9e-4e40-a5c9-40bdce36b87f_1_0_16,0
502ce8f6-bd9e-4e40-a5c9-40bdce36b87f_1_163_342,1
502ce8f6-bd9e-4e40-a5c9-40bdce36b87f_1_470_588,0
502ce8f6-bd9e-4e40-a5c9-40bdce36b87f_1_747_802,0
502ce8f6-bd9e-4e40-a5c9-40bdce36b87f_1_915_926,0
502ce8f6-bd9e-4e40-a5c9-40bdce36b87f_1_1016_1065,1
502ce8f6-bd9e-4e40-a5c9-40bdce36b87f_1_1118_1127,0
502ce8f6-bd9e-4e40-a5c9-40bdce36b87f_1_1161_1221,0
502ce8f6-bd9e-4e40-a5c9-40bdce36b87f_1_1521_1657,0
502ce8f6-bd9e-4e40-a5c9-40bdce36b87f_1_1748_1846,0
502ce8f6-bd9e-4e40-a5c9-40bdce36b87f_1_2664_2717,1
502ce8f6-bd9e-4e40-a5c9-40bdce36b87f_1_2894_3037,1
502ce8f6-bd9e-4e40-a5c9-40bdce36b87f_1_3083_3149,0
502ce8f6-bd9e-4e40-a5c9-40bdce36b87f_1_3365_3377,1
502ce8f6-bd9e-4e40-a5c9-40bdce36b87f_1_3537_3574,0
502ce8f6-bd9e-4e40-a5c9-40bdce36b87f_1_3853_3942,1
502ce8f6-bd9e-4e40-a5c9-40bdce36b87f_1_4038_4074,1
502ce8f6-bd9e-4e40-a5c9-40bdce36b87f_1_4497_4649,0
502ce8f6-bd9e-4e40-a5c9-40bdce36b87f_1_4697_4752,1
502ce8f6-bd9e-4e40-a5c9-40bdce36b87f_1_4906_4973,0
502ce8f6-bd9e-4e40-a5c9-40bdce36b87f_1_5078_5111,0
502ce8f6-bd9e-4e40-a5c9-40bdce36b87f_1_5276_5566,1
502ce8f6-bd9e-4e40-a5c9-40bdce36b87f_1_5618_5674,0
502ce8f6-bd9e-4e40-a5c9-40bdce36b87f_1_5947_5969,1
502ce8f6-bd9e-4e40-a5c9-40bdce36b87f_1_6411_6445,1
502ce8f6-bd9e-4e40-a5c9-40bdce36b87f_1_6593_6645,1
502ce8f6-bd9e-4e40-a5c9-40bdce36b87f_1_6898_6906,1
502ce8f6-bd9e-4e40-a5c9-40bdce36b87f_1_6947_6979,0
502ce8f6-bd9e-4e40-a5c9-40bdce36b87f_1_7019_7048,0
502ce8f6-bd9e-4e40-a5c9-40bdce36b87f_1_7428_7538,1
502ce8f6-bd9e-4e40-a5c9-40bdce36b87f_1_8153_8291,1
502ce8f6-bd9e-4e40-a5c9-40bdce36b87f_1_8387_8405,0
502ce8f6-bd9e-4e40-a5c9-40bdce36b87f_1_8531_8551,1
502ce8f6-bd9e-4e40-a5c9-40bdce36b87f_2_166_179,0
502ce8f6-bd9e-4e40-a5c9-40bdce36b87f_2_297_359,0
502ce8f6-bd9e-4e40-a5c9-40bdce36b87f_2_392_539,0
502ce8f6-bd9e-4e40-a5c9-40bdce36b87f_2_610_644,1
502ce8f6-bd9e-4e40-a5c9-40bdce36b87f_2_721_780,1
502ce8f6-bd9e-4e40-a5c9-40bdce36b87f_2_913_927,0
502ce8f6-bd9e-4e40-a5c9-40bdce36b87f_2_1527_1573,0
502ce8f6-bd9e-4e40-a5c9-40bdce36b87f_2_2253_2278,0
502ce8f6-bd9e-4e40-a5c9-40bdce36b87f_2_2814_2883,1
502ce8f6-bd9e-4e40-a5c9-40bdce36b87f_2_3031_3089,0
502ce8f6-bd9e-4e40-a5c9-40bdce36b87f_2_3146_3300,0
502ce8f6-bd9e-4e40-a5c9-40bdce36b87f_2_3389_3444,1
502ce8f6-bd9e-4e40-a5c9-40bdce36b87f_2_4075_4115,1
502ce8f6-bd9e-4e40-a5c9-40bdce36b87f_2_5030_5081,1
502ce8f6-bd9e-4e40-a5c9-40bdce36b87f_2_5555_5563,0
502ce8f6-bd9e-4e40-a5c9-40bdce36b87f_2_6029_6044,1
502ce8f6-bd9e-4e40-a5c9-40bdce36b87f_2_6207_6406,1
502ce8f6-bd9e-4e40-a5c9-40bdce36b87f_2_6489_6506,1
502ce8f6-bd9e-4e40-a5c9-40bdce36b87f_2_6653_6674,1
502ce8f6-bd9e-4e40-a5c9-40bdce36b87f_2_7062_7092,1
502ce8f6-bd9e-4e40-a5c9-40bdce36b87f_2_7335_7419,1
502ce8f6-bd9e-4e40-a5c9-40bdce36b87f_2_7484_7714,0
502ce8f6-bd9e-4e40-a5c9-40bdce36b87f_2_7843_7894,0
502ce8f6-bd9e-4e40-a5c9-40bdce36b87f_2_8048_8062,1
502ce8f6-bd9e-4e40-a5c9-40bdce36b87f_3_41_76,1
502ce8f6-bd9e-4e40-a5c9-40bdce36b87f_3_207_266,0
502ce8f6-bd9e-4e40-a5c9-40bdce36b87f_3_358_486,0
502ce8f6-bd9e-4e40-a5c9-40bdce36b87f_3_642_659,0
502ce8f6-bd9e-4e40-a5c9-40bdce36b87f_3_776_792,0
502ce8f6-bd9e-4e40-a5c9-40bdce36b87f_3_831_860,1
502ce8f6-bd9e-4e40-a5c9-40bdce36b87f_3_891_952,0
502ce8f6-bd9e-4e40-a5c9-40bdce36b87f_3_1119_1219,0
502ce8f6-bd9e-4e40-a5c9-40bdce36b87f_3_1266_1346,1
502ce8f6-bd9e-4e40-a5c9-40bdce36b87f_3_1383_1435,0
502ce8f6-bd9e-4e40-a5c9-40bdce36b87f_3_1498_1591,0
502ce8f6-bd9e-4e40-a5c9-40bdce36b87f_3_1867_2010,0
502ce8f6-bd9e-4e40-a5c9-40bdce36b87f_3_2127_2160,0
502ce8f6-bd9e-4e40-a5c9-40bdce36b87f_3_2293_2416,0
502ce8f6-bd9e-4e40-a5c9-40bdce36b87f_3_2724_2796,1
502ce8f6-bd9e-4e40-a5c9-40bdce36b87f_3_3200_3229,0
502ce8f6-bd9e-4e40-a5c9-40bdce36b87f_3_3473_3574,1
502ce8f6-bd9e-4e40-a5c9-40bdce36b87f_3_3729_3744,1
502ce8f6-bd9e-4e40-a5c9-40bdce36b87f_3_4580_4645,0
502ce8f6-bd9e-4e40-a5c9-40bdce36b87f_3_4766_4999,1
502ce8f6-bd9e-4e40-a5c9-40bdce36b87f_3_5096_5168,0
502ce8f6-bd9e-4e40-a5c9-40bdce36b87f_3_5449_5484,0
502ce8f6-bd9e-4e40-a5c9-40bdce36b87f_3_5563_5688,0
502ce8f6-bd9e-4e40-a5c9-40bdce36b87f_3_5766_5797,1
502ce8f6-bd9e-4e40-a5c9-40bdce36b87f_3_5874_5895,1
502ce8f6-bd9e-4e40-a5c9-40bdce36b87f_3_5955_5987,0
502ce8f6-bd9e-4e40-a5c9-40bdce36b87f_3_6383_6406,0
502ce8f6-bd9e-4e40-a5c9-40bdce36b87f_3_6813_6893,1
502ce8f6-bd9e-4e40-a5c9-40bdce36b87f_3_6934_6956,1
502ce8f6-bd9e-4e40-a5c9-40bdce36b87f_3_7004_7029,1
502ce8f6-bd9e-4e40-a5c9-40bdce36b87f_3_7187_7293,1
502ce8f6-bd9e-4e40-a5c9-40bdce36b87f_4_0_32,0
502ce8f6-bd9e-4e40-a5c9-40bdce36b87f_4_70_147,0
502ce8f6-bd9e-4e40-a5c9-40bdce36b87f_4_182_212,0
502ce8f6-bd9e-4e40-a5c9-40bdce36b87f_4_868_985,1
502ce8f6-bd9e-4e40-a5c9-40bdce36b87f_4_1056_1133,0
502ce8f6-bd9e-4e40-a5c9-40bdce36b87f_4_1355_1554,1
502ce8f6-bd9e-4e40-a5c9-40bdce36b87f_4_1635_1883,0
502ce8f6-bd9e-4e40-a5c9-40bdce36b87f_4_2472_2505,1
502ce8f6-bd9e-4e40-a5c9-40bdce36b87f_4_2555_2641,1
502ce8f6-bd9e-4e40-a5c9-40bdce36b87f_4_2675_2707,0
502ce8f6-bd9e-4e40-a5c9-40bdce36b87f_4_3183_3236,0
502ce8f6-bd9e-4e40-a5c9-40bdce36b87f_4_3676_3709,1
502ce8f6-bd9e-4e40-a5c9-40bdce36b87f_4_3761_3772,1
502ce8f6-bd9e-4e40-a5c9-40bdce36b87f_4_4476_4497,1
502ce8f6-bd9e-4e40-a5c9-40bdce36b87f_4_4741_4763,0
502ce8f6-bd9e-4e40-a5c9-40bdce36b87f_4_4953_4982,0
502ce8f6-bd9e-4e40-a5c9-40bdce36b87f_4_6174_6195,1
502ce8f6-bd9e-4e40-a5c9-40bdce36b87f_4_6848_6862,0
502ce8f6-bd9e-4e40-a5c9-40bdce36b87f_4_7961_7974,1
502ce8f6-bd9e-4e40-a5c9-40bdce36b87f_4_8360_8398,1
502ce8f6-bd9e-4e40-a5c9-40bdce36b87f_4_8551_8569,0
